{"Meta": {"Id": null, "Time": 1695240684.166249, "Extended": {"gitlog": "", "dataver": "1", "debhash": "0", "Annotation": null}}, "Measurements": {"total_bytes_consumed": 88586062683, "ipquery": {"ipv4": "43.202.157.139"}, "ping_latency": {"google_packet_loss_pct": 0.0, "google_rtt_min_ms": 23.074, "google_rtt_max_ms": 23.109, "google_rtt_avg_ms": 23.094, "google_rtt_mdev_ms": 0.011, "error": false}, "iperf": {"iperf_udp_upload": 948.488920057756, "iperf_udp_upload_jitter_ms": 0.03710707916111111, "iperf_udp_download_i0": 780.6762647056308, "iperf_udp_download_i1": 956.5559742853085, "iperf_udp_download_i2": 956.3837251369163, "iperf_udp_download_i3": 956.3021039920694, "iperf_udp_download_i4": 956.6873787823866, "iperf_udp_download": 921.3193352680323, "iperf_udp_download_jitter_ms": 0.07279804585860752, "error": false}, "test_bytes_consumed": 6392817320}}