{"Meta": {"Id": null, "Time": 1696263034.95778, "Extended": {"gitlog": "", "dataver": "1", "debhash": "0", "Annotation": null}}, "Measurements": {"total_bytes_consumed": 248390857314, "ipquery": {"ipv4": "43.202.157.139"}, "ping_latency": {"google_packet_loss_pct": 0.0, "google_rtt_min_ms": 17.023, "google_rtt_max_ms": 17.139, "google_rtt_avg_ms": 17.102, "google_rtt_mdev_ms": 0.032, "error": false}, "iperf": {"iperf_udp_upload": 947.8874478731589, "iperf_udp_upload_jitter_ms": 0.0560097206209441, "iperf_udp_download_i0": 782.7668508759451, "iperf_udp_download_i1": 956.2757280243989, "iperf_udp_download_i2": 956.7817287540652, "iperf_udp_download_i3": 956.5252296351732, "iperf_udp_download_i4": 955.9310261460563, "iperf_udp_download": 921.6544290341236, "iperf_udp_download_jitter_ms": 0.08818418860888133, "error": false}, "test_bytes_consumed": 6505803800}}