{"Meta": {"Id": null, "Time": 1696176675.611406, "Extended": {"gitlog": "", "dataver": "1", "debhash": "0", "Annotation": null}}, "Measurements": {"total_bytes_consumed": 99611329887, "ipquery": {"ipv4": "43.202.157.139"}, "ping_latency": {"google_packet_loss_pct": 0.0, "google_rtt_min_ms": 17.068, "google_rtt_max_ms": 17.149, "google_rtt_avg_ms": 17.118, "google_rtt_mdev_ms": 0.022, "error": false}, "iperf": {"iperf_udp_upload": 946.768504600472, "iperf_udp_upload_jitter_ms": 0.040709854827100225, "iperf_udp_download_i0": 756.6863587964316, "iperf_udp_download_i1": 956.6027677125094, "iperf_udp_download_i2": 956.6882827720843, "iperf_udp_download_i3": 956.5658050683735, "iperf_udp_download_i4": 956.631010470237, "iperf_udp_download": 916.6323488173235, "iperf_udp_download_jitter_ms": 0.07094673890161643, "error": false}, "test_bytes_consumed": 6604477900}}