{"Meta": {"Id": null, "Time": 1696882234.67997, "Extended": {"gitlog": "", "dataver": "1", "debhash": "0", "Annotation": null}}, "Measurements": {"total_bytes_consumed": 737158340833, "ipquery": {"ipv4": "43.202.157.139"}, "ping_latency": {"google_packet_loss_pct": 0.0, "google_rtt_min_ms": 17.032, "google_rtt_max_ms": 17.075, "google_rtt_avg_ms": 17.057, "google_rtt_mdev_ms": 0.012, "error": false}, "iperf": {"iperf_udp_upload": 948.36162312989, "iperf_udp_upload_jitter_ms": 0.0331951632232523, "iperf_udp_download_i0": 758.6230051780599, "iperf_udp_download_i1": 954.7777301752536, "iperf_udp_download_i2": 955.2931708268281, "iperf_udp_download_i3": 955.0170643191359, "iperf_udp_download_i4": 954.6614695947372, "iperf_udp_download": 915.6733906635358, "iperf_udp_download_jitter_ms": 0.06200197463711673, "error": false}, "test_bytes_consumed": 6123495500}}