{"Meta": {"Id": null, "Time": 1696939834.49827, "Extended": {"gitlog": "", "dataver": "1", "debhash": "0", "Annotation": null}}, "Measurements": {"total_bytes_consumed": 768516531353, "ipquery": {"ipv4": "43.202.157.139"}, "ping_latency": {"google_packet_loss_pct": 0.0, "google_rtt_min_ms": 22.805, "google_rtt_max_ms": 22.931, "google_rtt_avg_ms": 22.879, "google_rtt_mdev_ms": 0.032, "error": false}, "iperf": {"iperf_udp_upload": 948.3438984904914, "iperf_udp_upload_jitter_ms": 0.037332035052654, "iperf_udp_download_i0": 781.7656035577356, "iperf_udp_download_i1": 955.7453433138315, "iperf_udp_download_i2": 956.6831213975593, "iperf_udp_download_i3": 956.8765164802875, "iperf_udp_download_i4": 955.3192006476546, "iperf_udp_download": 921.2760599251608, "iperf_udp_download_jitter_ms": 0.07528609957150396, "error": false}, "test_bytes_consumed": 6491008160}}