{"Meta": {"Id": null, "Time": 1695183126.27666, "Extended": {"gitlog": "", "dataver": "1", "debhash": "0", "Annotation": null}}, "Measurements": {"total_bytes_consumed": 31752705140, "ipquery": {"ipv4": "43.202.157.139"}, "ping_latency": {"google_packet_loss_pct": 0.0, "google_rtt_min_ms": 17.054, "google_rtt_max_ms": 17.142, "google_rtt_avg_ms": 17.097, "google_rtt_mdev_ms": 0.027, "error": false}, "iperf": {"iperf_udp_upload": 948.3440083183883, "iperf_udp_upload_jitter_ms": 0.0404080732940236, "iperf_udp_download_i0": 782.4245245796224, "iperf_udp_download_i1": 956.2964363754678, "iperf_udp_download_i2": 956.7635358007675, "iperf_udp_download_i3": 956.556047757065, "iperf_udp_download_i4": 952.0205709734859, "iperf_udp_download": 920.8123118081696, "iperf_udp_download_jitter_ms": 0.07110653515886156, "error": false}, "test_bytes_consumed": 6178626560}}