{"Meta": {"Id": null, "Time": 1695802268.667943, "Extended": {"gitlog": "", "dataver": "1", "debhash": "0", "Annotation": null}}, "Measurements": {"total_bytes_consumed": 784474553600, "ipquery": {"ipv4": "43.202.157.139"}, "ping_latency": {"google_packet_loss_pct": 0.0, "google_rtt_min_ms": 23.049, "google_rtt_max_ms": 23.184, "google_rtt_avg_ms": 23.114, "google_rtt_mdev_ms": 0.038, "error": false}, "iperf": {"iperf_udp_upload": 948.3044386194516, "iperf_udp_upload_jitter_ms": 0.03468019956959595, "iperf_udp_download_i0": 782.5247580371079, "iperf_udp_download_i1": 956.167604381067, "iperf_udp_download_i2": 953.7868670956682, "iperf_udp_download_i3": 956.8631709110415, "iperf_udp_download_i4": 956.4852194349535, "iperf_udp_download": 921.163816757967, "iperf_udp_download_jitter_ms": 0.0834461759998299, "error": false}, "test_bytes_consumed": 6031029320}}