{"Meta": {"Id": null, "Time": 1696421475.166758, "Extended": {"gitlog": "", "dataver": "1", "debhash": "0", "Annotation": null}}, "Measurements": {"total_bytes_consumed": 408586817772, "ipquery": {"ipv4": "43.202.157.139"}, "ping_latency": {"google_packet_loss_pct": 0.0, "google_rtt_min_ms": 22.881, "google_rtt_max_ms": 23.036, "google_rtt_avg_ms": 22.942, "google_rtt_mdev_ms": 0.049, "error": false}, "iperf": {"iperf_udp_upload": 948.7998744802072, "iperf_udp_upload_jitter_ms": 0.030969892760627546, "iperf_udp_download_i0": 782.7318131189006, "iperf_udp_download_i1": 956.7325329614216, "iperf_udp_download_i2": 956.727966503754, "iperf_udp_download_i3": 956.7511033967855, "iperf_udp_download_i4": 956.8735057246057, "iperf_udp_download": 921.961483377774, "iperf_udp_download_jitter_ms": 0.07556079096368, "error": false}, "test_bytes_consumed": 6110326300}}