{"Meta": {"Id": null, "Time": 1695701515.857119, "Extended": {"gitlog": "", "dataver": "1", "debhash": "0", "Annotation": null}}, "Measurements": {"total_bytes_consumed": 679251975323, "ipquery": {"ipv4": "43.202.157.139"}, "ping_latency": {"google_packet_loss_pct": 0.0, "google_rtt_min_ms": 23.03, "google_rtt_max_ms": 23.116, "google_rtt_avg_ms": 23.091, "google_rtt_mdev_ms": 0.024, "error": false}, "iperf": {"iperf_udp_upload": 948.7767517125477, "iperf_udp_upload_jitter_ms": 0.03137239302960098, "iperf_udp_download_i0": 781.9352937596258, "iperf_udp_download_i1": 956.4876284209606, "iperf_udp_download_i2": 956.2626321492709, "iperf_udp_download_i3": 956.6557890131922, "iperf_udp_download_i4": 956.5435443917206, "iperf_udp_download": 921.5747517447259, "iperf_udp_download_jitter_ms": 0.0752402375749126, "error": false}, "test_bytes_consumed": 5785645660}}