{"Meta": {"Id": null, "Time": 1696407035.881614, "Extended": {"gitlog": "", "dataver": "1", "debhash": "0", "Annotation": null}}, "Measurements": {"total_bytes_consumed": 382723007946, "ipquery": {"ipv4": "43.202.157.139"}, "ping_latency": {"google_packet_loss_pct": 0.0, "google_rtt_min_ms": 22.426, "google_rtt_max_ms": 22.492, "google_rtt_avg_ms": 22.452, "google_rtt_mdev_ms": 0.022, "error": false}, "iperf": {"iperf_udp_upload": 947.6914289239995, "iperf_udp_upload_jitter_ms": 0.0548738437560214, "iperf_udp_download_i0": 778.432270817686, "iperf_udp_download_i1": 956.6980894020462, "iperf_udp_download_i2": 956.7312475899814, "iperf_udp_download_i3": 956.6951732411998, "iperf_udp_download_i4": 957.1011111797054, "iperf_udp_download": 921.1297486151927, "iperf_udp_download_jitter_ms": 0.07690840208138686, "error": false}, "test_bytes_consumed": 6347287220}}