{"Meta": {"Id": null, "Time": 1695946285.470295, "Extended": {"gitlog": "", "dataver": "1", "debhash": "0", "Annotation": null}}, "Measurements": {"total_bytes_consumed": 965450376410, "ipquery": {"ipv4": "43.202.157.139"}, "ping_latency": {"google_packet_loss_pct": 0.0, "google_rtt_min_ms": 22.284, "google_rtt_max_ms": 22.386, "google_rtt_avg_ms": 22.326, "google_rtt_mdev_ms": 0.031, "error": false}, "iperf": {"iperf_udp_upload": 947.7314725879692, "iperf_udp_upload_jitter_ms": 0.0440831893736113, "iperf_udp_download_i0": 759.7360088346502, "iperf_udp_download_i1": 956.6502489038302, "iperf_udp_download_i2": 956.6698730013579, "iperf_udp_download_i3": 956.7382981339863, "iperf_udp_download_i4": 956.6960542831391, "iperf_udp_download": 917.2980319222875, "iperf_udp_download_jitter_ms": 0.06577326296781552, "error": false}, "test_bytes_consumed": 6575199060}}