{"Meta": {"Id": null, "Time": 1695859925.297942, "Extended": {"gitlog": "", "dataver": "1", "debhash": "0", "Annotation": null}}, "Measurements": {"total_bytes_consumed": 851582632699, "ipquery": {"ipv4": "43.202.157.139"}, "ping_latency": {"google_packet_loss_pct": 0.0, "google_rtt_min_ms": 29.922, "google_rtt_max_ms": 29.982, "google_rtt_avg_ms": 29.949, "google_rtt_mdev_ms": 0.02, "error": false}, "iperf": {"iperf_udp_upload": 948.9580615209693, "iperf_udp_upload_jitter_ms": 0.055389585707256626, "iperf_udp_download_i0": 782.2624980755584, "iperf_udp_download_i1": 956.7466961432574, "iperf_udp_download_i2": 954.815729416762, "iperf_udp_download_i3": 956.452809153509, "iperf_udp_download_i4": 955.7638102298276, "iperf_udp_download": 921.2089394457271, "iperf_udp_download_jitter_ms": 0.0811118493556766, "error": false}, "test_bytes_consumed": 6463657980}}