{"Meta": {"Id": null, "Time": 1696234308.147537, "Extended": {"gitlog": "", "dataver": "1", "debhash": "0", "Annotation": null}}, "Measurements": {"total_bytes_consumed": 190105876704, "ipquery": {"ipv4": "43.202.157.139"}, "ping_latency": {"google_packet_loss_pct": 0.0, "google_rtt_min_ms": 28.268, "google_rtt_max_ms": 28.343, "google_rtt_avg_ms": 28.306, "google_rtt_mdev_ms": 0.027, "error": false}, "iperf": {"iperf_udp_upload": 948.9112138609826, "iperf_udp_upload_jitter_ms": 0.03906405741819551, "iperf_udp_download_i0": 777.8927039142108, "iperf_udp_download_i1": 956.7206345447156, "iperf_udp_download_i2": 955.791495801455, "iperf_udp_download_i3": 956.5969379643367, "iperf_udp_download_i4": 956.8372792871529, "iperf_udp_download": 920.7653269605145, "iperf_udp_download_jitter_ms": 0.07874197209824638, "error": false}, "test_bytes_consumed": 6549578980}}