{"Meta": {"Id": null, "Time": 1695168807.710955, "Extended": {"gitlog": "", "dataver": "1", "debhash": "0", "Annotation": null}}, "Measurements": {"total_bytes_consumed": 8577625156, "ipquery": {"ipv4": "43.202.157.139"}, "ping_latency": {"google_packet_loss_pct": 0.0, "google_rtt_min_ms": 28.281, "google_rtt_max_ms": 28.33, "google_rtt_avg_ms": 28.31, "google_rtt_mdev_ms": 0.013, "error": false}, "iperf": {"iperf_udp_upload": 480.90766873239255, "iperf_udp_upload_jitter_ms": 0.020456399927163634, "iperf_udp_download_i0": 113.6276763532229, "iperf_udp_download_i1": 138.2906394920179, "iperf_udp_download_i2": 138.24448, "iperf_udp_download_i3": 138.27952, "iperf_udp_download_i4": 138.2896833418289, "iperf_udp_download": 133.34617022359362, "iperf_udp_download_jitter_ms": 0.0859922608358664, "error": false}, "test_bytes_consumed": 1292298560}}