{"Meta": {"Id": null, "Time": 1695643903.349427, "Extended": {"gitlog": "", "dataver": "1", "debhash": "0", "Annotation": null}}, "Measurements": {"total_bytes_consumed": 598615848799, "ipquery": {"ipv4": "43.202.157.139"}, "ping_latency": {"google_packet_loss_pct": 0.0, "google_rtt_min_ms": 29.766, "google_rtt_max_ms": 29.865, "google_rtt_avg_ms": 29.828, "google_rtt_mdev_ms": 0.027, "error": false}, "iperf": {"iperf_udp_upload": 948.6935244371231, "iperf_udp_upload_jitter_ms": 0.03572137986600486, "iperf_udp_download_i0": 779.4507417779407, "iperf_udp_download_i1": 956.4485701016768, "iperf_udp_download_i2": 956.420980907382, "iperf_udp_download_i3": 956.5857111852135, "iperf_udp_download_i4": 956.8200566622834, "iperf_udp_download": 921.1446179766143, "iperf_udp_download_jitter_ms": 0.07664350932068957, "error": false}, "test_bytes_consumed": 5328036400}}