{"Meta": {"Id": null, "Time": 1696205485.946219, "Extended": {"gitlog": "", "dataver": "1", "debhash": "0", "Annotation": null}}, "Measurements": {"total_bytes_consumed": 138901037076, "ipquery": {"ipv4": "43.202.157.139"}, "ping_latency": {"google_packet_loss_pct": 0.0, "google_rtt_min_ms": 23.031, "google_rtt_max_ms": 23.129, "google_rtt_avg_ms": 23.083, "google_rtt_mdev_ms": 0.028, "error": false}, "iperf": {"iperf_udp_upload": 948.1757540506089, "iperf_udp_upload_jitter_ms": 0.04326322225183804, "iperf_udp_download_i0": 783.0979553301305, "iperf_udp_download_i1": 956.6957789993023, "iperf_udp_download_i2": 956.2671966701353, "iperf_udp_download_i3": 956.4515344485475, "iperf_udp_download_i4": 956.175466331623, "iperf_udp_download": 921.7366714205675, "iperf_udp_download_jitter_ms": 0.07139256382471393, "error": false}, "test_bytes_consumed": 6180390240}}