{"Meta": {"Id": null, "Time": 1695888704.48966, "Extended": {"gitlog": "", "dataver": "1", "debhash": "0", "Annotation": null}}, "Measurements": {"total_bytes_consumed": 897713680767, "ipquery": {"ipv4": "43.202.157.139"}, "ping_latency": {"google_packet_loss_pct": 0.0, "google_rtt_min_ms": 35.474, "google_rtt_max_ms": 35.54, "google_rtt_avg_ms": 35.511, "google_rtt_mdev_ms": 0.017, "error": false}, "iperf": {"iperf_udp_upload": 947.7080178335859, "iperf_udp_upload_jitter_ms": 0.0426009460824124, "iperf_udp_download_i0": 760.8707428791039, "iperf_udp_download_i1": 956.7036306496392, "iperf_udp_download_i2": 956.7068611781311, "iperf_udp_download_i3": 956.6126713232676, "iperf_udp_download_i4": 956.2496848246947, "iperf_udp_download": 917.4278858580326, "iperf_udp_download_jitter_ms": 0.0719287743396125, "error": false}, "test_bytes_consumed": 5690644920}}