{"Meta": {"Id": null, "Time": 1695658324.949492, "Extended": {"gitlog": "", "dataver": "1", "debhash": "0", "Annotation": null}}, "Measurements": {"total_bytes_consumed": 616581297604, "ipquery": {"ipv4": "43.202.157.139"}, "ping_latency": {"google_packet_loss_pct": 0.0, "google_rtt_min_ms": 24.37, "google_rtt_max_ms": 24.467, "google_rtt_avg_ms": 24.427, "google_rtt_mdev_ms": 0.031, "error": false}, "iperf": {"iperf_udp_upload": 948.9994306003416, "iperf_udp_upload_jitter_ms": 0.04055531450428668, "iperf_udp_download_i0": 778.8543013393237, "iperf_udp_download_i1": 956.7225797816012, "iperf_udp_download_i2": 956.6327989955746, "iperf_udp_download_i3": 956.6475489681335, "iperf_udp_download_i4": 956.6471112551573, "iperf_udp_download": 921.0989474820598, "iperf_udp_download_jitter_ms": 0.08294613887340245, "error": false}, "test_bytes_consumed": 6578313240}}