{"Meta": {"Id": null, "Time": 1695543107.038429, "Extended": {"gitlog": "", "dataver": "1", "debhash": "0", "Annotation": null}}, "Measurements": {"total_bytes_consumed": 466000029658, "ipquery": {"ipv4": "43.202.157.139"}, "ping_latency": {"google_packet_loss_pct": 0.0, "google_rtt_min_ms": 23.662, "google_rtt_max_ms": 23.796, "google_rtt_avg_ms": 23.723, "google_rtt_mdev_ms": 0.041, "error": false}, "iperf": {"iperf_udp_upload": 947.3216152140618, "iperf_udp_upload_jitter_ms": 0.03865093837228835, "iperf_udp_download_i0": 758.6048909469748, "iperf_udp_download_i1": 956.7290908501384, "iperf_udp_download_i2": 956.2598737388187, "iperf_udp_download_i3": 956.7293087244703, "iperf_udp_download_i4": 956.7857695744226, "iperf_udp_download": 917.0211562928312, "iperf_udp_download_jitter_ms": 0.0698748479421553, "error": false}, "test_bytes_consumed": 6418659320}}