{"Meta": {"Id": null, "Time": 1695787922.689456, "Extended": {"gitlog": "", "dataver": "1", "debhash": "0", "Annotation": null}}, "Measurements": {"total_bytes_consumed": 759726061436, "ipquery": {"ipv4": "43.202.157.139"}, "ping_latency": {"google_packet_loss_pct": 0.0, "google_rtt_min_ms": 23.046, "google_rtt_max_ms": 23.175, "google_rtt_avg_ms": 23.103, "google_rtt_mdev_ms": 0.037, "error": false}, "iperf": {"iperf_udp_upload": 948.2087575599289, "iperf_udp_upload_jitter_ms": 0.0379052587996221, "iperf_udp_download_i0": 779.4055878491772, "iperf_udp_download_i1": 956.406614736568, "iperf_udp_download_i2": 956.7874913757607, "iperf_udp_download_i3": 956.8627383781119, "iperf_udp_download_i4": 955.0588358173397, "iperf_udp_download": 920.9014410313755, "iperf_udp_download_jitter_ms": 0.0801732809363548, "error": false}, "test_bytes_consumed": 5812771000}}