{"Meta": {"Id": null, "Time": 1695499924.448688, "Extended": {"gitlog": "", "dataver": "1", "debhash": "0", "Annotation": null}}, "Measurements": {"total_bytes_consumed": 436673256365, "ipquery": {"ipv4": "43.202.157.139"}, "ping_latency": {"google_packet_loss_pct": 0.0, "google_rtt_min_ms": 17.007, "google_rtt_max_ms": 17.062, "google_rtt_avg_ms": 17.038, "google_rtt_mdev_ms": 0.017, "error": false}, "iperf": {"iperf_udp_upload": 948.408784807262, "iperf_udp_upload_jitter_ms": 0.054366578633537554, "iperf_udp_download_i0": 761.700576191209, "iperf_udp_download_i1": 956.7704861563344, "iperf_udp_download_i2": 956.8223151315732, "iperf_udp_download_i3": 956.7165956637105, "iperf_udp_download_i4": 956.7325956659829, "iperf_udp_download": 917.74829794977, "iperf_udp_download_jitter_ms": 0.05866837827054438, "error": false}, "test_bytes_consumed": 6115220220}}