{"Meta": {"Id": null, "Time": 1695456697.56691, "Extended": {"gitlog": "", "dataver": "1", "debhash": "0", "Annotation": null}}, "Measurements": {"total_bytes_consumed": 374269812290, "ipquery": {"ipv4": "43.202.157.139"}, "ping_latency": {"google_packet_loss_pct": 0.0, "google_rtt_min_ms": 23.084, "google_rtt_max_ms": 23.139, "google_rtt_avg_ms": 23.113, "google_rtt_mdev_ms": 0.017, "error": false}, "iperf": {"iperf_udp_upload": 949.127830133821, "iperf_udp_upload_jitter_ms": 0.03655642484438502, "iperf_udp_download_i0": 782.6233954119526, "iperf_udp_download_i1": 956.8705997725021, "iperf_udp_download_i2": 956.2192089168067, "iperf_udp_download_i3": 956.7059487940884, "iperf_udp_download_i4": 956.8217218907184, "iperf_udp_download": 921.8447409912367, "iperf_udp_download_jitter_ms": 0.0632828705822941, "error": false}, "test_bytes_consumed": 6236008940}}