{"Meta": {"Id": null, "Time": 1695931834.740078, "Extended": {"gitlog": "", "dataver": "1", "debhash": "0", "Annotation": null}}, "Measurements": {"total_bytes_consumed": 951847939360, "ipquery": {"ipv4": "43.202.157.139"}, "ping_latency": {"google_packet_loss_pct": 0.0, "google_rtt_min_ms": 17.057, "google_rtt_max_ms": 17.107, "google_rtt_avg_ms": 17.087, "google_rtt_mdev_ms": 0.012, "error": false}, "iperf": {"iperf_udp_upload": 946.7543939342044, "iperf_udp_upload_jitter_ms": 0.03974490590945742, "iperf_udp_download_i0": 758.2986701668937, "iperf_udp_download_i1": 956.2492727605846, "iperf_udp_download_i2": 955.4443713014505, "iperf_udp_download_i3": 955.8737094991018, "iperf_udp_download_i4": 956.4796041753693, "iperf_udp_download": 916.4687269462864, "iperf_udp_download_jitter_ms": 0.0822648890858839, "error": false}, "test_bytes_consumed": 5833667980}}