{"Meta": {"Id": null, "Time": 1695975034.589103, "Extended": {"gitlog": "", "dataver": "1", "debhash": "0", "Annotation": null}}, "Measurements": {"total_bytes_consumed": 996066498042, "ipquery": {"ipv4": "43.202.157.139"}, "ping_latency": {"google_packet_loss_pct": 0.0, "google_rtt_min_ms": 22.397, "google_rtt_max_ms": 22.538, "google_rtt_avg_ms": 22.475, "google_rtt_mdev_ms": 0.043, "error": false}, "iperf": {"iperf_udp_upload": 948.3358647481012, "iperf_udp_upload_jitter_ms": 0.04034274876792601, "iperf_udp_download_i0": 779.0630364224456, "iperf_udp_download_i1": 954.4606953132575, "iperf_udp_download_i2": 956.8906770820707, "iperf_udp_download_i3": 956.6620899798596, "iperf_udp_download_i4": 956.7721506884276, "iperf_udp_download": 920.7700098685073, "iperf_udp_download_jitter_ms": 0.072051009169345, "error": false}, "test_bytes_consumed": 6632217900}}