{"Meta": {"Id": null, "Time": 1696896634.128937, "Extended": {"gitlog": "", "dataver": "1", "debhash": "0", "Annotation": null}}, "Measurements": {"total_bytes_consumed": 745458623172, "ipquery": {"ipv4": "43.202.157.139"}, "ping_latency": {"google_packet_loss_pct": 0.0, "google_rtt_min_ms": 22.228, "google_rtt_max_ms": 22.301, "google_rtt_avg_ms": 22.26, "google_rtt_mdev_ms": 0.02, "error": false}, "iperf": {"iperf_udp_upload": 948.373697439454, "iperf_udp_upload_jitter_ms": 0.05746001842868684, "iperf_udp_download_i0": 781.2602273230372, "iperf_udp_download_i1": 955.7041945904366, "iperf_udp_download_i2": 955.2470743563581, "iperf_udp_download_i3": 955.51744, "iperf_udp_download_i4": 954.9935366818714, "iperf_udp_download": 920.5426229133627, "iperf_udp_download_jitter_ms": 0.07180022448753744, "error": false}, "test_bytes_consumed": 6186347040}}