{"Meta": {"Id": null, "Time": 1696104705.480538, "Extended": {"gitlog": "", "dataver": "1", "debhash": "0", "Annotation": null}}, "Measurements": {"total_bytes_consumed": 1163151972802, "ipquery": {"ipv4": "43.202.157.139"}, "ping_latency": {"google_packet_loss_pct": 0.0, "google_rtt_min_ms": 17.08, "google_rtt_max_ms": 17.153, "google_rtt_avg_ms": 17.133, "google_rtt_mdev_ms": 0.021, "error": false}, "iperf": {"iperf_udp_upload": 948.4289103640992, "iperf_udp_upload_jitter_ms": 0.041031899872493664, "iperf_udp_download_i0": 758.5903607869425, "iperf_udp_download_i1": 956.4427657499082, "iperf_udp_download_i2": 956.7312533484386, "iperf_udp_download_i3": 956.6396893428706, "iperf_udp_download_i4": 956.8500904434753, "iperf_udp_download": 917.047784052568, "iperf_udp_download_jitter_ms": 0.0739722550853539, "error": false}, "test_bytes_consumed": 6106614980}}