{"Meta": {"Id": null, "Time": 1695773515.01319, "Extended": {"gitlog": "", "dataver": "1", "debhash": "0", "Annotation": null}}, "Measurements": {"total_bytes_consumed": 1051038711294, "ipquery": {"ipv4": "18.224.54.214"}, "ping_latency": {"google_packet_loss_pct": 0.0, "google_rtt_min_ms": 17.475, "google_rtt_max_ms": 17.625, "google_rtt_avg_ms": 17.522, "google_rtt_mdev_ms": 0.04, "error": false}, "iperf": {"iperf_udp_upload": 955.9390984365409, "iperf_udp_upload_jitter_ms": 0.06047165761491545, "iperf_udp_download_i0": 944.1498594684828, "iperf_udp_download_i1": 956.7480343191869, "iperf_udp_download_i2": 956.7231703364685, "iperf_udp_download_i3": 956.0108988599128, "iperf_udp_download_i4": 956.7285571751662, "iperf_udp_download": 954.0719761934492, "iperf_udp_download_jitter_ms": 0.07233088518397476, "error": false}, "test_bytes_consumed": 6344248960}}