{"Meta": {"Id": null, "Time": 1695600629.522457, "Extended": {"gitlog": "", "dataver": "1", "debhash": "0", "Annotation": null}}, "Measurements": {"total_bytes_consumed": 771859990544, "ipquery": {"ipv4": "18.224.54.214"}, "ping_latency": {"google_packet_loss_pct": 0.0, "google_rtt_min_ms": 18.629, "google_rtt_max_ms": 18.698, "google_rtt_avg_ms": 18.657, "google_rtt_mdev_ms": 0.019, "error": false}, "iperf": {"iperf_udp_upload": 955.9183716734656, "iperf_udp_upload_jitter_ms": 0.04434097322259435, "iperf_udp_download_i0": 944.3142693551918, "iperf_udp_download_i1": 955.91456, "iperf_udp_download_i2": 956.4407669794526, "iperf_udp_download_i3": 955.9150177750261, "iperf_udp_download_i4": 956.7689820342587, "iperf_udp_download": 953.8706074427103, "iperf_udp_download_jitter_ms": 0.0760085656875177, "error": false}, "test_bytes_consumed": 6512242400}}