{"Meta": {"Id": null, "Time": 1695701429.301839, "Extended": {"gitlog": "", "dataver": "1", "debhash": "0", "Annotation": null}}, "Measurements": {"total_bytes_consumed": 923452230215, "ipquery": {"ipv4": "18.224.54.214"}, "ping_latency": {"google_packet_loss_pct": 0.0, "google_rtt_min_ms": 18.119, "google_rtt_max_ms": 18.175, "google_rtt_avg_ms": 18.151, "google_rtt_mdev_ms": 0.016, "error": false}, "iperf": {"iperf_udp_upload": 955.7662345402593, "iperf_udp_upload_jitter_ms": 0.0530904317515032, "iperf_udp_download_i0": 944.9635765552014, "iperf_udp_download_i1": 956.7700480063176, "iperf_udp_download_i2": 954.6120386971223, "iperf_udp_download_i3": 956.786144518371, "iperf_udp_download_i4": 956.7271519696986, "iperf_udp_download": 953.9716154213664, "iperf_udp_download_jitter_ms": 0.07650229902052064, "error": false}, "test_bytes_consumed": 6616648460}}