{"Meta": {"Id": null, "Time": 1696421429.431575, "Extended": {"gitlog": "", "dataver": "1", "debhash": "0", "Annotation": null}}, "Measurements": {"total_bytes_consumed": 199397706492, "ipquery": {"ipv4": "18.224.54.214"}, "ping_latency": {"google_packet_loss_pct": 0.0, "google_rtt_min_ms": 17.769, "google_rtt_max_ms": 17.836, "google_rtt_avg_ms": 17.797, "google_rtt_mdev_ms": 0.018, "error": false}, "iperf": {"iperf_udp_upload": 956.0102507928244, "iperf_udp_upload_jitter_ms": 0.037537479040883656, "iperf_udp_download_i0": 944.9702224009932, "iperf_udp_download_i1": 956.6704812131777, "iperf_udp_download_i2": 956.8628998915034, "iperf_udp_download_i3": 956.6840908067425, "iperf_udp_download_i4": 956.7574589244082, "iperf_udp_download": 954.38890134494, "iperf_udp_download_jitter_ms": 0.08668025071502526, "error": false}, "test_bytes_consumed": 6311866160}}