{"Meta": {"Id": null, "Time": 1696407110.74367, "Extended": {"gitlog": "", "dataver": "1", "debhash": "0", "Annotation": null}}, "Measurements": {"total_bytes_consumed": 189325419014, "ipquery": {"ipv4": "18.224.54.214"}, "ping_latency": {"google_packet_loss_pct": 0.0, "google_rtt_min_ms": 16.3, "google_rtt_max_ms": 16.362, "google_rtt_avg_ms": 16.337, "google_rtt_mdev_ms": 0.02, "error": false}, "iperf": {"iperf_udp_upload": 955.9016373278716, "iperf_udp_upload_jitter_ms": 0.05265424744642612, "iperf_udp_download_i0": 944.1016659664925, "iperf_udp_download_i1": 956.7941638728379, "iperf_udp_download_i2": 956.71778974435, "iperf_udp_download_i3": 956.7044463220625, "iperf_udp_download_i4": 956.7424972227127, "iperf_udp_download": 954.2121111178701, "iperf_udp_download_jitter_ms": 0.08388673571159007, "error": false}, "test_bytes_consumed": 6235175280}}