{"Meta": {"Id": null, "Time": 1695355830.123597, "Extended": {"gitlog": "", "dataver": "1", "debhash": "0", "Annotation": null}}, "Measurements": {"total_bytes_consumed": 384425992228, "ipquery": {"ipv4": "18.224.54.214"}, "ping_latency": {"google_packet_loss_pct": 0.0, "google_rtt_min_ms": 17.056, "google_rtt_max_ms": 17.145, "google_rtt_avg_ms": 17.108, "google_rtt_mdev_ms": 0.022, "error": false}, "iperf": {"iperf_udp_upload": 955.8500437349606, "iperf_udp_upload_jitter_ms": 0.05393494060345004, "iperf_udp_download_i0": 944.5459403476247, "iperf_udp_download_i1": 956.706102626354, "iperf_udp_download_i2": 956.6695688985227, "iperf_udp_download_i3": 956.8204328705028, "iperf_udp_download_i4": 956.7405532156475, "iperf_udp_download": 954.2963682369796, "iperf_udp_download_jitter_ms": 0.07923546724316553, "error": false}, "test_bytes_consumed": 6467740140}}