{"Meta": {"Id": null, "Time": 1695571830.094199, "Extended": {"gitlog": "", "dataver": "1", "debhash": "0", "Annotation": null}}, "Measurements": {"total_bytes_consumed": 718851299580, "ipquery": {"ipv4": "18.224.54.214"}, "ping_latency": {"google_packet_loss_pct": 0.0, "google_rtt_min_ms": 17.011, "google_rtt_max_ms": 17.095, "google_rtt_avg_ms": 17.06, "google_rtt_mdev_ms": 0.025, "error": false}, "iperf": {"iperf_udp_upload": 955.9913716077657, "iperf_udp_upload_jitter_ms": 0.0548630637499678, "iperf_udp_download_i0": 943.3108656512327, "iperf_udp_download_i1": 956.3331019355759, "iperf_udp_download_i2": 956.5861503465712, "iperf_udp_download_i3": 956.925934996606, "iperf_udp_download_i4": 956.7127748028088, "iperf_udp_download": 953.9735988779761, "iperf_udp_download_jitter_ms": 0.08294834624233535, "error": false}, "test_bytes_consumed": 6162134400}}