{"Meta": {"Id": null, "Time": 1695989429.744412, "Extended": {"gitlog": "", "dataver": "1", "debhash": "0", "Annotation": null}}, "Measurements": {"total_bytes_consumed": 1336323599681, "ipquery": {"ipv4": "18.224.54.214"}, "ping_latency": {"google_packet_loss_pct": 0.0, "google_rtt_min_ms": 18.391, "google_rtt_max_ms": 18.519, "google_rtt_avg_ms": 18.455, "google_rtt_mdev_ms": 0.033, "error": false}, "iperf": {"iperf_udp_upload": 956.0409637610843, "iperf_udp_upload_jitter_ms": 0.03719315736729744, "iperf_udp_download_i0": 943.4607842370547, "iperf_udp_download_i1": 956.7574589244082, "iperf_udp_download_i2": 956.7399622220997, "iperf_udp_download_i3": 956.8654308244245, "iperf_udp_download_i4": 956.6453913995215, "iperf_udp_download": 954.0936620908104, "iperf_udp_download_jitter_ms": 0.07278639404589925, "error": false}, "test_bytes_consumed": 6214909020}}