{"Meta": {"Id": null, "Time": 1695831030.024162, "Extended": {"gitlog": "", "dataver": "1", "debhash": "0", "Annotation": null}}, "Measurements": {"total_bytes_consumed": 1148421752259, "ipquery": {"ipv4": "18.224.54.214"}, "ping_latency": {"google_packet_loss_pct": 0.0, "google_rtt_min_ms": 16.812, "google_rtt_max_ms": 16.89, "google_rtt_avg_ms": 16.859, "google_rtt_mdev_ms": 0.021, "error": false}, "iperf": {"iperf_udp_upload": 956.709738796722, "iperf_udp_upload_jitter_ms": 0.05000349436696532, "iperf_udp_download_i0": 940.3793701669016, "iperf_udp_download_i1": 956.8148895203973, "iperf_udp_download_i2": 956.6935177348878, "iperf_udp_download_i3": 956.8408846191572, "iperf_udp_download_i4": 956.70319427087, "iperf_udp_download": 953.4861774717679, "iperf_udp_download_jitter_ms": 0.07417403286408993, "error": false}, "test_bytes_consumed": 6510163360}}