{"Meta": {"Id": null, "Time": 1696119030.092671, "Extended": {"gitlog": "", "dataver": "1", "debhash": "0", "Annotation": null}}, "Measurements": {"total_bytes_consumed": 6373524880, "ipquery": {"ipv4": "18.224.54.214"}, "ping_latency": {"google_packet_loss_pct": 0.0, "google_rtt_min_ms": 18.174, "google_rtt_max_ms": 18.224, "google_rtt_avg_ms": 18.199, "google_rtt_mdev_ms": 0.014, "error": false}, "iperf": {"iperf_udp_upload": 955.8881948782637, "iperf_udp_upload_jitter_ms": 0.05015120577409858, "iperf_udp_download_i0": 943.903694248981, "iperf_udp_download_i1": 956.77888, "iperf_udp_download_i2": 956.6899238656074, "iperf_udp_download_i3": 956.8220979520696, "iperf_udp_download_i4": 956.446467639417, "iperf_udp_download": 954.1282153774584, "iperf_udp_download_jitter_ms": 0.0719060847196209, "error": false}, "test_bytes_consumed": 6373524880}}