{"Meta": {"Id": null, "Time": 1696911030.242873, "Extended": {"gitlog": "", "dataver": "1", "debhash": "0", "Annotation": null}}, "Measurements": {"total_bytes_consumed": 419767048970, "ipquery": {"ipv4": "18.224.54.214"}, "ping_latency": {"google_packet_loss_pct": 0.0, "google_rtt_min_ms": 17.262, "google_rtt_max_ms": 17.331, "google_rtt_avg_ms": 17.311, "google_rtt_mdev_ms": 0.02, "error": false}, "iperf": {"iperf_udp_upload": 955.7714054971729, "iperf_udp_upload_jitter_ms": 0.039527200898204926, "iperf_udp_download_i0": 945.0364679522269, "iperf_udp_download_i1": 955.3548880410085, "iperf_udp_download_i2": 956.7049149981224, "iperf_udp_download_i3": 956.7266183442295, "iperf_udp_download_i4": 949.1717178884555, "iperf_udp_download": 952.5987781170386, "iperf_udp_download_jitter_ms": 0.08159734726233675, "error": false}, "test_bytes_consumed": 6266772600}}