{"Meta": {"Id": null, "Time": 1696133429.99508, "Extended": {"gitlog": "", "dataver": "1", "debhash": "0", "Annotation": null}}, "Measurements": {"total_bytes_consumed": 19462436296, "ipquery": {"ipv4": "18.224.54.214"}, "ping_latency": {"google_packet_loss_pct": 0.0, "google_rtt_min_ms": 17.079, "google_rtt_max_ms": 17.142, "google_rtt_avg_ms": 17.116, "google_rtt_mdev_ms": 0.019, "error": false}, "iperf": {"iperf_udp_upload": 955.8099389330429, "iperf_udp_upload_jitter_ms": 0.029338939522986954, "iperf_udp_download_i0": 942.3844016790496, "iperf_udp_download_i1": 956.7936875456013, "iperf_udp_download_i2": 956.6959893520516, "iperf_udp_download_i3": 956.7878686917383, "iperf_udp_download_i4": 956.7262395580933, "iperf_udp_download": 953.8776657639482, "iperf_udp_download_jitter_ms": 0.07752749501713695, "error": false}, "test_bytes_consumed": 6510653920}}