{"Meta": {"Id": null, "Time": 1696767029.751598, "Extended": {"gitlog": "", "dataver": "1", "debhash": "0", "Annotation": null}}, "Measurements": {"total_bytes_consumed": 347380901881, "ipquery": {"ipv4": "18.224.54.214"}, "ping_latency": {"google_packet_loss_pct": 0.0, "google_rtt_min_ms": 18.662, "google_rtt_max_ms": 18.774, "google_rtt_avg_ms": 18.738, "google_rtt_mdev_ms": 0.029, "error": false}, "iperf": {"iperf_udp_upload": 955.9027470729396, "iperf_udp_upload_jitter_ms": 0.06112024634116204, "iperf_udp_download_i0": 944.0895501345663, "iperf_udp_download_i1": 956.8597274674535, "iperf_udp_download_i2": 956.6989940548084, "iperf_udp_download_i3": 956.8742561913663, "iperf_udp_download_i4": 956.6278023149665, "iperf_udp_download": 954.2299537972337, "iperf_udp_download_jitter_ms": 0.07130153748800626, "error": false}, "test_bytes_consumed": 6106937640}}