{"Meta": {"Id": null, "Time": 1697141429.79206, "Extended": {"gitlog": "", "dataver": "1", "debhash": "0", "Annotation": null}}, "Measurements": {"total_bytes_consumed": 530954209950, "ipquery": {"ipv4": "18.224.54.214"}, "ping_latency": {"google_packet_loss_pct": 0.0, "google_rtt_min_ms": 16.612, "google_rtt_max_ms": 16.71, "google_rtt_avg_ms": 16.67, "google_rtt_mdev_ms": 0.026, "error": false}, "iperf": {"iperf_udp_upload": 955.892723491185, "iperf_udp_upload_jitter_ms": 0.03582566903350212, "iperf_udp_download_i0": 937.4115402812165, "iperf_udp_download_i1": 953.9968707365747, "iperf_udp_download_i2": 956.7034124628686, "iperf_udp_download_i3": 956.8068135871191, "iperf_udp_download_i4": 956.7599933460073, "iperf_udp_download": 952.3357352662379, "iperf_udp_download_jitter_ms": 0.0758787636279368, "error": false}, "test_bytes_consumed": 5974944880}}