{"Meta": {"Id": null, "Time": 1696363900.613461, "Extended": {"gitlog": "", "dataver": "1", "debhash": "0", "Annotation": null}}, "Measurements": {"total_bytes_consumed": 170733895674, "ipquery": {"ipv4": "18.224.54.214"}, "ping_latency": {"google_packet_loss_pct": 0.0, "google_rtt_min_ms": 16.481, "google_rtt_max_ms": 16.605, "google_rtt_avg_ms": 16.529, "google_rtt_mdev_ms": 0.035, "error": false}, "iperf": {"iperf_udp_upload": 955.9597400402598, "iperf_udp_upload_jitter_ms": 0.04882133937695943, "iperf_udp_download_i0": 944.4896059371065, "iperf_udp_download_i1": 956.6905135540287, "iperf_udp_download_i2": 956.8556328656915, "iperf_udp_download_i3": 956.5251359517755, "iperf_udp_download_i4": 954.6773360179883, "iperf_udp_download": 953.8476620657456, "iperf_udp_download_jitter_ms": 0.07612111327456737, "error": false}, "test_bytes_consumed": 6547432780}}