{"Meta": {"Id": null, "Time": 1696147829.711859, "Extended": {"gitlog": "", "dataver": "1", "debhash": "0", "Annotation": null}}, "Measurements": {"total_bytes_consumed": 31073591903, "ipquery": {"ipv4": "18.224.54.214"}, "ping_latency": {"google_packet_loss_pct": 0.0, "google_rtt_min_ms": 17.231, "google_rtt_max_ms": 17.337, "google_rtt_avg_ms": 17.301, "google_rtt_mdev_ms": 0.026, "error": false}, "iperf": {"iperf_udp_upload": 955.9165718792565, "iperf_udp_upload_jitter_ms": 0.0384884029324875, "iperf_udp_download_i0": 945.0500622531235, "iperf_udp_download_i1": 956.6831213975593, "iperf_udp_download_i2": 956.3616947331199, "iperf_udp_download_i3": 956.6142284504857, "iperf_udp_download_i4": 956.7480343191869, "iperf_udp_download": 954.2912828089004, "iperf_udp_download_jitter_ms": 0.06936799821418098, "error": false}, "test_bytes_consumed": 6173014320}}