{"Meta": {"Id": null, "Time": 1695139830.397921, "Extended": {"gitlog": "", "dataver": "1", "debhash": "0", "Annotation": null}}, "Measurements": {"total_bytes_consumed": 31908808844, "ipquery": {"ipv4": "18.224.54.214"}, "ping_latency": {"google_packet_loss_pct": 0.0, "google_rtt_min_ms": 17.142, "google_rtt_max_ms": 17.218, "google_rtt_avg_ms": 17.173, "google_rtt_mdev_ms": 0.02, "error": false}, "iperf": {"iperf_udp_upload": 955.7889627371743, "iperf_udp_upload_jitter_ms": 0.04386112202355283, "iperf_udp_download_i0": 943.1094574681147, "iperf_udp_download_i1": 956.781734109131, "iperf_udp_download_i2": 956.66208, "iperf_udp_download_i3": 956.7662875565649, "iperf_udp_download_i4": 956.6674019757935, "iperf_udp_download": 953.9974002429465, "iperf_udp_download_jitter_ms": 0.0757994996546086, "error": false}, "test_bytes_consumed": 6295338960}}