{"Meta": {"Id": null, "Time": 1695543029.484928, "Extended": {"gitlog": "", "dataver": "1", "debhash": "0", "Annotation": null}}, "Measurements": {"total_bytes_consumed": 676596415027, "ipquery": {"ipv4": "18.224.54.214"}, "ping_latency": {"google_packet_loss_pct": 0.0, "google_rtt_min_ms": 16.931, "google_rtt_max_ms": 16.97, "google_rtt_avg_ms": 16.948, "google_rtt_mdev_ms": 0.01, "error": false}, "iperf": {"iperf_udp_upload": 955.9670930411337, "iperf_udp_upload_jitter_ms": 0.05250222366526188, "iperf_udp_download_i0": 945.337511112228, "iperf_udp_download_i1": 956.8007350211817, "iperf_udp_download_i2": 953.9556652136281, "iperf_udp_download_i3": 956.7818889781087, "iperf_udp_download_i4": 956.7044463220625, "iperf_udp_download": 953.9160387860297, "iperf_udp_download_jitter_ms": 0.0796562267517297, "error": false}, "test_bytes_consumed": 6383103940}}