{"Meta": {"Id": null, "Time": 1695226229.866679, "Extended": {"gitlog": "", "dataver": "1", "debhash": "0", "Annotation": null}}, "Measurements": {"total_bytes_consumed": 161472624263, "ipquery": {"ipv4": "18.224.54.214"}, "ping_latency": {"google_packet_loss_pct": 0.0, "google_rtt_min_ms": 17.354, "google_rtt_max_ms": 17.492, "google_rtt_avg_ms": 17.409, "google_rtt_mdev_ms": 0.035, "error": false}, "iperf": {"iperf_udp_upload": 955.6558214302231, "iperf_udp_upload_jitter_ms": 0.05611817648723915, "iperf_udp_download_i0": 947.2498412317035, "iperf_udp_download_i1": 953.9206259487811, "iperf_udp_download_i2": 956.0815492567797, "iperf_udp_download_i3": 956.2871848442219, "iperf_udp_download_i4": 956.8308239634836, "iperf_udp_download": 954.073975399976, "iperf_udp_download_jitter_ms": 0.08026900324534623, "error": false}, "test_bytes_consumed": 6245065320}}