{"Meta": {"Id": null, "Time": 1695370229.735072, "Extended": {"gitlog": "", "dataver": "1", "debhash": "0", "Annotation": null}}, "Measurements": {"total_bytes_consumed": 404469711099, "ipquery": {"ipv4": "18.224.54.214"}, "ping_latency": {"google_packet_loss_pct": 0.0, "google_rtt_min_ms": 16.141, "google_rtt_max_ms": 16.21, "google_rtt_avg_ms": 16.181, "google_rtt_mdev_ms": 0.018, "error": false}, "iperf": {"iperf_udp_upload": 955.9552114380703, "iperf_udp_upload_jitter_ms": 0.04193354329347735, "iperf_udp_download_i0": 944.9752498460484, "iperf_udp_download_i1": 956.6570714809754, "iperf_udp_download_i2": 956.78830301639, "iperf_udp_download_i3": 956.1921976389381, "iperf_udp_download_i4": 955.8290937494671, "iperf_udp_download": 954.088333037036, "iperf_udp_download_jitter_ms": 0.07057393855655675, "error": false}, "test_bytes_consumed": 6273414140}}