{"Meta": {"Id": null, "Time": 1697055030.554089, "Extended": {"gitlog": "", "dataver": "1", "debhash": "0", "Annotation": null}}, "Measurements": {"total_bytes_consumed": 486480950250, "ipquery": {"ipv4": "18.224.54.214"}, "ping_latency": {"google_packet_loss_pct": 0.0, "google_rtt_min_ms": 17.523, "google_rtt_max_ms": 17.648, "google_rtt_avg_ms": 17.596, "google_rtt_mdev_ms": 0.037, "error": false}, "iperf": {"iperf_udp_upload": 955.8788030908977, "iperf_udp_upload_jitter_ms": 0.03599658377995092, "iperf_udp_download_i0": 943.3683282094407, "iperf_udp_download_i1": 955.7755977656419, "iperf_udp_download_i2": 956.0614909507702, "iperf_udp_download_i3": 956.1247002309999, "iperf_udp_download_i4": 954.3357882841175, "iperf_udp_download": 953.1331903429742, "iperf_udp_download_jitter_ms": 0.0749046909188064, "error": false}, "test_bytes_consumed": 6002936000}}