{"Meta": {"Id": null, "Time": 1696997430.895149, "Extended": {"gitlog": "", "dataver": "1", "debhash": "0", "Annotation": null}}, "Measurements": {"total_bytes_consumed": 452864566146, "ipquery": {"ipv4": "18.224.54.214"}, "ping_latency": {"google_packet_loss_pct": 0.0, "google_rtt_min_ms": 18.808, "google_rtt_max_ms": 18.862, "google_rtt_avg_ms": 18.842, "google_rtt_mdev_ms": 0.017, "error": false}, "iperf": {"iperf_udp_upload": 955.9173948578235, "iperf_udp_upload_jitter_ms": 0.03597400707478798, "iperf_udp_download_i0": 944.346492920525, "iperf_udp_download_i1": 956.3476890469929, "iperf_udp_download_i2": 956.6756987587164, "iperf_udp_download_i3": 956.5904291156083, "iperf_udp_download_i4": 948.8708451421029, "iperf_udp_download": 952.5660533547449, "iperf_udp_download_jitter_ms": 0.07292387747259962, "error": false}, "test_bytes_consumed": 6164352140}}