{"Meta": {"Id": null, "Time": 1695787829.323585, "Extended": {"gitlog": "", "dataver": "1", "debhash": "0", "Annotation": null}}, "Measurements": {"total_bytes_consumed": 1081532373911, "ipquery": {"ipv4": "18.224.54.214"}, "ping_latency": {"google_packet_loss_pct": 0.0, "google_rtt_min_ms": 17.338, "google_rtt_max_ms": 17.403, "google_rtt_avg_ms": 17.371, "google_rtt_mdev_ms": 0.017, "error": false}, "iperf": {"iperf_udp_upload": 955.9038777345711, "iperf_udp_upload_jitter_ms": 0.042377240921231824, "iperf_udp_download_i0": 944.4830756632667, "iperf_udp_download_i1": 956.818870359832, "iperf_udp_download_i2": 956.7272150004679, "iperf_udp_download_i3": 956.4774448659122, "iperf_udp_download_i4": 954.1954440897588, "iperf_udp_download": 953.740412240229, "iperf_udp_download_jitter_ms": 0.06493071043157835, "error": false}, "test_bytes_consumed": 6211495540}}