{"Meta": {"Id": null, "Time": 1697098230.612924, "Extended": {"gitlog": "", "dataver": "1", "debhash": "0", "Annotation": null}}, "Measurements": {"total_bytes_consumed": 508321065158, "ipquery": {"ipv4": "18.224.54.214"}, "ping_latency": {"google_packet_loss_pct": 0.0, "google_rtt_min_ms": 17.435, "google_rtt_max_ms": 17.533, "google_rtt_avg_ms": 17.484, "google_rtt_mdev_ms": 0.026, "error": false}, "iperf": {"iperf_udp_upload": 955.815789439474, "iperf_udp_upload_jitter_ms": 0.04706539126812826, "iperf_udp_download_i0": 943.9728737259035, "iperf_udp_download_i1": 956.6420088518955, "iperf_udp_download_i2": 956.8330821931703, "iperf_udp_download_i3": 956.6882827720843, "iperf_udp_download_i4": 929.4481693155502, "iperf_udp_download": 948.716829984346, "iperf_udp_download_jitter_ms": 0.07269676698451986, "error": false}, "test_bytes_consumed": 6324273240}}