{"Meta": {"Id": null, "Time": 1696464821.453629, "Extended": {"gitlog": "", "dataver": "1", "debhash": "0", "Annotation": null}}, "Measurements": {"total_bytes_consumed": 223132907014, "ipquery": {"ipv4": "18.224.54.214"}, "ping_latency": {"google_packet_loss_pct": 0.0, "google_rtt_min_ms": 21.422, "google_rtt_max_ms": 21.499, "google_rtt_avg_ms": 21.469, "google_rtt_mdev_ms": 0.023, "error": false}, "iperf": {"iperf_udp_upload": 955.8752990935259, "iperf_udp_upload_jitter_ms": 0.049484853621159765, "iperf_udp_download_i0": 944.6890189068147, "iperf_udp_download_i1": 956.69712, "iperf_udp_download_i2": 956.9134433063115, "iperf_udp_download_i3": 956.6194120440418, "iperf_udp_download_i4": 956.8321130925891, "iperf_udp_download": 954.3500997075489, "iperf_udp_download_jitter_ms": 0.07538555699446144, "error": false}, "test_bytes_consumed": 6301701640}}