{"Meta": {"Id": null, "Time": 1695211829.434471, "Extended": {"gitlog": "", "dataver": "1", "debhash": "0", "Annotation": null}}, "Measurements": {"total_bytes_consumed": 137560574363, "ipquery": {"ipv4": "18.224.54.214"}, "ping_latency": {"google_packet_loss_pct": 0.0, "google_rtt_min_ms": 17.01, "google_rtt_max_ms": 19.997, "google_rtt_avg_ms": 17.324, "google_rtt_mdev_ms": 0.89, "error": false}, "iperf": {"iperf_udp_upload": 955.9208615068371, "iperf_udp_upload_jitter_ms": 0.058622419294141165, "iperf_udp_download_i0": 942.668506082953, "iperf_udp_download_i1": 956.635431010096, "iperf_udp_download_i2": 956.8192465282657, "iperf_udp_download_i3": 956.8245278660517, "iperf_udp_download_i4": 956.6972812324758, "iperf_udp_download": 953.9288636976985, "iperf_udp_download_jitter_ms": 0.0745474854022544, "error": false}, "test_bytes_consumed": 6513535960}}