{"Meta": {"Id": null, "Time": 1695643829.924286, "Extended": {"gitlog": "", "dataver": "1", "debhash": "0", "Annotation": null}}, "Measurements": {"total_bytes_consumed": 842709637706, "ipquery": {"ipv4": "18.224.54.214"}, "ping_latency": {"google_packet_loss_pct": 0.0, "google_rtt_min_ms": 17.581, "google_rtt_max_ms": 17.651, "google_rtt_avg_ms": 17.617, "google_rtt_mdev_ms": 0.02, "error": false}, "iperf": {"iperf_udp_upload": 955.8897183709365, "iperf_udp_upload_jitter_ms": 0.03937130950709178, "iperf_udp_download_i0": 942.72535991583, "iperf_udp_download_i1": 956.466392416269, "iperf_udp_download_i2": 956.86064, "iperf_udp_download_i3": 956.6733799373218, "iperf_udp_download_i4": 956.7279724622216, "iperf_udp_download": 953.8907898449065, "iperf_udp_download_jitter_ms": 0.09034018458811366, "error": false}, "test_bytes_consumed": 6156650640}}