{"Meta": {"Id": null, "Time": 1697184631.062747, "Extended": {"gitlog": "", "dataver": "1", "debhash": "0", "Annotation": null}}, "Measurements": {"total_bytes_consumed": 548849526596, "ipquery": {"ipv4": "18.224.54.214"}, "ping_latency": {"google_packet_loss_pct": 0.0, "google_rtt_min_ms": 17.089, "google_rtt_max_ms": 17.219, "google_rtt_avg_ms": 17.143, "google_rtt_mdev_ms": 0.032, "error": false}, "iperf": {"iperf_udp_upload": 955.9515640484359, "iperf_udp_upload_jitter_ms": 0.03071566305575882, "iperf_udp_download_i0": 943.2609022057081, "iperf_udp_download_i1": 956.0909543070464, "iperf_udp_download_i2": 956.0429352453349, "iperf_udp_download_i3": 955.691728581344, "iperf_udp_download_i4": 935.888842913088, "iperf_udp_download": 949.3947547747292, "iperf_udp_download_jitter_ms": 0.0735288929358164, "error": false}, "test_bytes_consumed": 5953957380}}