{"Meta": {"Id": null, "Time": 1695557429.2645, "Extended": {"gitlog": "", "dataver": "1", "debhash": "0", "Annotation": null}}, "Measurements": {"total_bytes_consumed": 699371225152, "ipquery": {"ipv4": "18.224.54.214"}, "ping_latency": {"google_packet_loss_pct": 0.0, "google_rtt_min_ms": 17.429, "google_rtt_max_ms": 17.489, "google_rtt_avg_ms": 17.447, "google_rtt_mdev_ms": 0.015, "error": false}, "iperf": {"iperf_udp_upload": 955.990586004707, "iperf_udp_upload_jitter_ms": 0.0417686678766077, "iperf_udp_download_i0": 943.029551596898, "iperf_udp_download_i1": 954.1776105062377, "iperf_udp_download_i2": 956.5667014621729, "iperf_udp_download_i3": 956.4274277006856, "iperf_udp_download_i4": 956.7769410361102, "iperf_udp_download": 953.3955423056059, "iperf_udp_download_jitter_ms": 0.062157423180930045, "error": false}, "test_bytes_consumed": 6149553580}}