{"Meta": {"Id": null, "Time": 1696291829.553649, "Extended": {"gitlog": "", "dataver": "1", "debhash": "0", "Annotation": null}}, "Measurements": {"total_bytes_consumed": 123929234510, "ipquery": {"ipv4": "18.224.54.214"}, "ping_latency": {"google_packet_loss_pct": 0.0, "google_rtt_min_ms": 17.192, "google_rtt_max_ms": 17.295, "google_rtt_avg_ms": 17.234, "google_rtt_mdev_ms": 0.027, "error": false}, "iperf": {"iperf_udp_upload": 955.9213872628901, "iperf_udp_upload_jitter_ms": 0.047089678061753334, "iperf_udp_download_i0": 943.8802243128074, "iperf_udp_download_i1": 956.6929279406152, "iperf_udp_download_i2": 956.7589628207139, "iperf_udp_download_i3": 956.5481307355772, "iperf_udp_download_i4": 956.7998225694774, "iperf_udp_download": 954.1358974061661, "iperf_udp_download_jitter_ms": 0.07686291114565957, "error": false}, "test_bytes_consumed": 6304795380}}