{"Meta": {"Id": null, "Time": 1696695030.251442, "Extended": {"gitlog": "", "dataver": "1", "debhash": "0", "Annotation": null}}, "Measurements": {"total_bytes_consumed": 321192602686, "ipquery": {"ipv4": "18.224.54.214"}, "ping_latency": {"google_packet_loss_pct": 0.0, "google_rtt_min_ms": 16.734, "google_rtt_max_ms": 16.855, "google_rtt_avg_ms": 16.782, "google_rtt_mdev_ms": 0.029, "error": false}, "iperf": {"iperf_udp_upload": 955.8626527579495, "iperf_udp_upload_jitter_ms": 0.05447459993809883, "iperf_udp_download_i0": 943.9504140596201, "iperf_udp_download_i1": 956.8859391847808, "iperf_udp_download_i2": 956.6607403317445, "iperf_udp_download_i3": 956.9418110587383, "iperf_udp_download_i4": 956.6682290004364, "iperf_udp_download": 954.2214549625962, "iperf_udp_download_jitter_ms": 0.07588650464695515, "error": false}, "test_bytes_consumed": 6234129920}}