{"Meta": {"Id": null, "Time": 1695283829.722304, "Extended": {"gitlog": "", "dataver": "1", "debhash": "0", "Annotation": null}}, "Measurements": {"total_bytes_consumed": 265540988035, "ipquery": {"ipv4": "18.224.54.214"}, "ping_latency": {"google_packet_loss_pct": 0.0, "google_rtt_min_ms": 18.719, "google_rtt_max_ms": 18.765, "google_rtt_avg_ms": 18.745, "google_rtt_mdev_ms": 0.013, "error": false}, "iperf": {"iperf_udp_upload": 955.8670857860798, "iperf_udp_upload_jitter_ms": 0.06443737398564674, "iperf_udp_download_i0": 944.6053498756978, "iperf_udp_download_i1": 956.6643321510473, "iperf_udp_download_i2": 956.8597274674535, "iperf_udp_download_i3": 956.6959893520516, "iperf_udp_download_i4": 956.8219956825753, "iperf_udp_download": 954.3293375766553, "iperf_udp_download_jitter_ms": 0.08127072180090425, "error": false}, "test_bytes_consumed": 6121327400}}