{"Meta": {"Id": null, "Time": 1695240630.134527, "Extended": {"gitlog": "", "dataver": "1", "debhash": "0", "Annotation": null}}, "Measurements": {"total_bytes_consumed": 181443449676, "ipquery": {"ipv4": "18.224.54.214"}, "ping_latency": {"google_packet_loss_pct": 0.0, "google_rtt_min_ms": 17.961, "google_rtt_max_ms": 18.044, "google_rtt_avg_ms": 17.989, "google_rtt_mdev_ms": 0.025, "error": false}, "iperf": {"iperf_udp_upload": 955.9197413043364, "iperf_udp_upload_jitter_ms": 0.05501332817557772, "iperf_udp_download_i0": 943.2362082509065, "iperf_udp_download_i1": 956.7582108627902, "iperf_udp_download_i2": 956.793685597837, "iperf_udp_download_i3": 956.7508903360703, "iperf_udp_download_i4": 956.7775329566027, "iperf_udp_download": 954.0632058737582, "iperf_udp_download_jitter_ms": 0.06001724291643547, "error": false}, "test_bytes_consumed": 6177224960}}