{"Meta": {"Id": null, "Time": 1696479029.953513, "Extended": {"gitlog": "", "dataver": "1", "debhash": "0", "Annotation": null}}, "Measurements": {"total_bytes_consumed": 232823705843, "ipquery": {"ipv4": "18.224.54.214"}, "ping_latency": {"google_packet_loss_pct": 0.0, "google_rtt_min_ms": 20.471, "google_rtt_max_ms": 20.54, "google_rtt_avg_ms": 20.495, "google_rtt_mdev_ms": 0.021, "error": false}, "iperf": {"iperf_udp_upload": 955.9512668341132, "iperf_udp_upload_jitter_ms": 0.046087788737364715, "iperf_udp_download_i0": 943.0284046016652, "iperf_udp_download_i1": 956.7794121211535, "iperf_udp_download_i2": 955.8689239269715, "iperf_udp_download_i3": 956.7633221274194, "iperf_udp_download_i4": 956.761497257082, "iperf_udp_download": 953.8400970109016, "iperf_udp_download_jitter_ms": 0.08560083061913402, "error": false}, "test_bytes_consumed": 6142436080}}