{"Meta": {"Id": null, "Time": 1695384629.58424, "Extended": {"gitlog": "", "dataver": "1", "debhash": "0", "Annotation": null}}, "Measurements": {"total_bytes_consumed": 432529710178, "ipquery": {"ipv4": "18.224.54.214"}, "ping_latency": {"google_packet_loss_pct": 0.0, "google_rtt_min_ms": 17.141, "google_rtt_max_ms": 17.21, "google_rtt_avg_ms": 17.191, "google_rtt_mdev_ms": 0.018, "error": false}, "iperf": {"iperf_udp_upload": 955.9798932261391, "iperf_udp_upload_jitter_ms": 0.03247773143228035, "iperf_udp_download_i0": 943.9649044843902, "iperf_udp_download_i1": 956.6864093902111, "iperf_udp_download_i2": 956.8361508975933, "iperf_udp_download_i3": 956.7384535489467, "iperf_udp_download_i4": 953.8719589192788, "iperf_udp_download": 953.61943049854, "iperf_udp_download_jitter_ms": 0.06901592604703817, "error": false}, "test_bytes_consumed": 6131309420}}