{"Meta": {"Id": null, "Time": 1696032629.374308, "Extended": {"gitlog": "", "dataver": "1", "debhash": "0", "Annotation": null}}, "Measurements": {"total_bytes_consumed": 1366386305697, "ipquery": {"ipv4": "18.224.54.214"}, "ping_latency": {"google_packet_loss_pct": 0.0, "google_rtt_min_ms": 17.403, "google_rtt_max_ms": 17.448, "google_rtt_avg_ms": 17.422, "google_rtt_mdev_ms": 0.013, "error": false}, "iperf": {"iperf_udp_upload": 955.8595311053516, "iperf_udp_upload_jitter_ms": 0.03572003558282673, "iperf_udp_download_i0": 943.7294067848994, "iperf_udp_download_i1": 956.5703587685626, "iperf_udp_download_i2": 952.1244374990317, "iperf_udp_download_i3": 956.6445471373474, "iperf_udp_download_i4": 956.7564894612217, "iperf_udp_download": 953.1649622463425, "iperf_udp_download_jitter_ms": 0.0760559510611944, "error": false}, "test_bytes_consumed": 6431834360}}