{"Meta": {"Id": null, "Time": 1695298229.724259, "Extended": {"gitlog": "", "dataver": "1", "debhash": "0", "Annotation": null}}, "Measurements": {"total_bytes_consumed": 295788255546, "ipquery": {"ipv4": "18.224.54.214"}, "ping_latency": {"google_packet_loss_pct": 0.0, "google_rtt_min_ms": 16.79, "google_rtt_max_ms": 16.872, "google_rtt_avg_ms": 16.821, "google_rtt_mdev_ms": 0.023, "error": false}, "iperf": {"iperf_udp_upload": 955.9220668545533, "iperf_udp_upload_jitter_ms": 0.04328562585792787, "iperf_udp_download_i0": 941.1168098368765, "iperf_udp_download_i1": 956.4836086982294, "iperf_udp_download_i2": 954.2684339842691, "iperf_udp_download_i3": 956.7092433273775, "iperf_udp_download_i4": 956.7776903003861, "iperf_udp_download": 953.0711209037333, "iperf_udp_download_jitter_ms": 0.057069836907239616, "error": false}, "test_bytes_consumed": 6231645000}}