{"Meta": {"Id": null, "Time": 1696867829.683606, "Extended": {"gitlog": "", "dataver": "1", "debhash": "0", "Annotation": null}}, "Measurements": {"total_bytes_consumed": 403190701715, "ipquery": {"ipv4": "18.224.54.214"}, "ping_latency": {"google_packet_loss_pct": 0.0, "google_rtt_min_ms": 16.345, "google_rtt_max_ms": 16.514, "google_rtt_avg_ms": 16.389, "google_rtt_mdev_ms": 0.044, "error": false}, "iperf": {"iperf_udp_upload": 955.9356900321548, "iperf_udp_upload_jitter_ms": 0.03654533053113161, "iperf_udp_download_i0": 942.7366712819947, "iperf_udp_download_i1": 954.6817424434644, "iperf_udp_download_i2": 954.2984360190256, "iperf_udp_download_i3": 955.4748621089465, "iperf_udp_download_i4": 955.3543010902087, "iperf_udp_download": 952.5090901377531, "iperf_udp_download_jitter_ms": 0.08007264779751254, "error": false}, "test_bytes_consumed": 6226520400}}