{"Meta": {"Id": null, "Time": 1695154230.475184, "Extended": {"gitlog": "", "dataver": "1", "debhash": "0", "Annotation": null}}, "Measurements": {"total_bytes_consumed": 49471396745, "ipquery": {"ipv4": "18.224.54.214"}, "ping_latency": {"google_packet_loss_pct": 0.0, "google_rtt_min_ms": 16.318, "google_rtt_max_ms": 16.403, "google_rtt_avg_ms": 16.372, "google_rtt_mdev_ms": 0.025, "error": false}, "iperf": {"iperf_udp_upload": 956.1710522118422, "iperf_udp_upload_jitter_ms": 0.0415115387389984, "iperf_udp_download_i0": 942.5731619050457, "iperf_udp_download_i1": 956.8119809650998, "iperf_udp_download_i2": 956.699971188097, "iperf_udp_download_i3": 956.7697340855248, "iperf_udp_download_i4": 956.7738722955143, "iperf_udp_download": 953.9256114454913, "iperf_udp_download_jitter_ms": 0.07142801830671325, "error": false}, "test_bytes_consumed": 6128633240}}