{"Meta": {"Id": null, "Time": 1696666230.454116, "Extended": {"gitlog": "", "dataver": "1", "debhash": "0", "Annotation": null}}, "Measurements": {"total_bytes_consumed": 306749884748, "ipquery": {"ipv4": "18.224.54.214"}, "ping_latency": {"google_packet_loss_pct": 0.0, "google_rtt_min_ms": 18.659, "google_rtt_max_ms": 18.687, "google_rtt_avg_ms": 18.672, "google_rtt_mdev_ms": 0.008, "error": false}, "iperf": {"iperf_udp_upload": 955.961789249674, "iperf_udp_upload_jitter_ms": 0.04498162627311191, "iperf_udp_download_i0": 942.2363732824739, "iperf_udp_download_i1": 956.7234859425962, "iperf_udp_download_i2": 956.7995485163029, "iperf_udp_download_i3": 956.8359336695336, "iperf_udp_download_i4": 956.7487908527255, "iperf_udp_download": 953.8686857670041, "iperf_udp_download_jitter_ms": 0.07457626240632936, "error": false}, "test_bytes_consumed": 6191205920}}