{"Meta": {"Id": null, "Time": 1696450230.452901, "Extended": {"gitlog": "", "dataver": "1", "debhash": "0", "Annotation": null}}, "Measurements": {"total_bytes_consumed": 213740661416, "ipquery": {"ipv4": "18.224.54.214"}, "ping_latency": {"google_packet_loss_pct": 0.0, "google_rtt_min_ms": 16.714, "google_rtt_max_ms": 16.928, "google_rtt_avg_ms": 16.808, "google_rtt_mdev_ms": 0.053, "error": false}, "iperf": {"iperf_udp_upload": 955.9213394668616, "iperf_udp_upload_jitter_ms": 0.05105041240417374, "iperf_udp_download_i0": 943.614095321789, "iperf_udp_download_i1": 956.7997069327922, "iperf_udp_download_i2": 956.7267792186495, "iperf_udp_download_i3": 956.7373233217514, "iperf_udp_download_i4": 956.6006804402504, "iperf_udp_download": 954.0956113633587, "iperf_udp_download_jitter_ms": 0.07073060931669516, "error": false}, "test_bytes_consumed": 6612071360}}