{"Meta": {"Id": null, "Time": 1696983194.283087, "Extended": {"gitlog": "", "dataver": "1", "debhash": "0", "Annotation": null}}, "Measurements": {"total_bytes_consumed": 443266317203, "ipquery": {"ipv4": "18.224.54.214"}, "ping_latency": {"google_packet_loss_pct": 0.0, "google_rtt_min_ms": 16.552, "google_rtt_max_ms": 16.629, "google_rtt_avg_ms": 16.59, "google_rtt_mdev_ms": 0.023, "error": false}, "iperf": {"iperf_udp_upload": 955.8832839108803, "iperf_udp_upload_jitter_ms": 0.04465872024539097, "iperf_udp_download_i0": 943.3537594293214, "iperf_udp_download_i1": 956.7432439100816, "iperf_udp_download_i2": 956.7869562422969, "iperf_udp_download_i3": 956.7947581176753, "iperf_udp_download_i4": 956.8100419380586, "iperf_udp_download": 954.0976105140413, "iperf_udp_download_jitter_ms": 0.07236591614123017, "error": false}, "test_bytes_consumed": 6415821080}}