{"Meta": {"Id": null, "Time": 1695197429.323067, "Extended": {"gitlog": "", "dataver": "1", "debhash": "0", "Annotation": null}}, "Measurements": {"total_bytes_consumed": 116384941005, "ipquery": {"ipv4": "18.224.54.214"}, "ping_latency": {"google_packet_loss_pct": 0.0, "google_rtt_min_ms": 17.59, "google_rtt_max_ms": 17.657, "google_rtt_avg_ms": 17.619, "google_rtt_mdev_ms": 0.019, "error": false}, "iperf": {"iperf_udp_upload": 955.9620760379242, "iperf_udp_upload_jitter_ms": 0.04488962015217582, "iperf_udp_download_i0": 943.7742112608898, "iperf_udp_download_i1": 956.5958201761217, "iperf_udp_download_i2": 956.7615967807149, "iperf_udp_download_i3": 956.7592414197809, "iperf_udp_download_i4": 956.7367323966273, "iperf_udp_download": 954.1253718810782, "iperf_udp_download_jitter_ms": 0.08147258006747454, "error": false}, "test_bytes_consumed": 6099593840}}