{"Meta": {"Id": null, "Time": 1696205430.21282, "Extended": {"gitlog": "", "dataver": "1", "debhash": "0", "Annotation": null}}, "Measurements": {"total_bytes_consumed": 73668429645, "ipquery": {"ipv4": "18.224.54.214"}, "ping_latency": {"google_packet_loss_pct": 0.0, "google_rtt_min_ms": 16.346, "google_rtt_max_ms": 16.409, "google_rtt_avg_ms": 16.376, "google_rtt_mdev_ms": 0.018, "error": false}, "iperf": {"iperf_udp_upload": 955.9184299182765, "iperf_udp_upload_jitter_ms": 0.036707928674258164, "iperf_udp_download_i0": 943.5659879542233, "iperf_udp_download_i1": 956.5112092126844, "iperf_udp_download_i2": 956.6026189501118, "iperf_udp_download_i3": 956.7384535489467, "iperf_udp_download_i4": 956.7863641089853, "iperf_udp_download": 954.0409513964765, "iperf_udp_download_jitter_ms": 0.06697279247418567, "error": false}, "test_bytes_consumed": 6322963620}}