{"Meta": {"Id": null, "Time": 1696075831.283098, "Extended": {"gitlog": "", "dataver": "1", "debhash": "0", "Annotation": null}}, "Measurements": {"total_bytes_consumed": 1397537997784, "ipquery": {"ipv4": "18.224.54.214"}, "ping_latency": {"google_packet_loss_pct": 0.0, "google_rtt_min_ms": 16.825, "google_rtt_max_ms": 16.902, "google_rtt_avg_ms": 16.846, "google_rtt_mdev_ms": 0.023, "error": false}, "iperf": {"iperf_udp_upload": 955.8553102170348, "iperf_udp_upload_jitter_ms": 0.05846515330555083, "iperf_udp_download_i0": 943.5309480586503, "iperf_udp_download_i1": 956.4250465336781, "iperf_udp_download_i2": 956.6888808574248, "iperf_udp_download_i3": 956.705197548314, "iperf_udp_download_i4": 956.702353920884, "iperf_udp_download": 954.0105293317074, "iperf_udp_download_jitter_ms": 0.0812092007720943, "error": false}, "test_bytes_consumed": 6445875180}}