{"Meta": {"Id": null, "Time": 1697213430.382731, "Extended": {"gitlog": "", "dataver": "1", "debhash": "0", "Annotation": null}}, "Measurements": {"total_bytes_consumed": 561896390240, "ipquery": {"ipv4": "18.224.54.214"}, "ping_latency": {"google_packet_loss_pct": 0.0, "google_rtt_min_ms": 16.858, "google_rtt_max_ms": 16.93, "google_rtt_avg_ms": 16.891, "google_rtt_mdev_ms": 0.021, "error": false}, "iperf": {"iperf_udp_upload": 955.8895167270558, "iperf_udp_upload_jitter_ms": 0.03214475498560893, "iperf_udp_download_i0": 945.7830366783842, "iperf_udp_download_i1": 956.8608014121937, "iperf_udp_download_i2": 956.4416790804803, "iperf_udp_download_i3": 956.7260277225485, "iperf_udp_download_i4": 934.7821733212668, "iperf_udp_download": 950.1187482784802, "iperf_udp_download_jitter_ms": 0.06614587297473967, "error": false}, "test_bytes_consumed": 5860299840}}