{"Meta": {"Id": null, "Time": 1696176629.622957, "Extended": {"gitlog": "", "dataver": "1", "debhash": "0", "Annotation": null}}, "Measurements": {"total_bytes_consumed": 49263943183, "ipquery": {"ipv4": "18.224.54.214"}, "ping_latency": {"google_packet_loss_pct": 0.0, "google_rtt_min_ms": 17.481, "google_rtt_max_ms": 17.584, "google_rtt_avg_ms": 17.521, "google_rtt_mdev_ms": 0.03, "error": false}, "iperf": {"iperf_udp_upload": 955.9645554301278, "iperf_udp_upload_jitter_ms": 0.04984515372481227, "iperf_udp_download_i0": 943.4247343942483, "iperf_udp_download_i1": 956.5866088426088, "iperf_udp_download_i2": 956.8104757361939, "iperf_udp_download_i3": 956.7821062292289, "iperf_udp_download_i4": 956.7492261171639, "iperf_udp_download": 954.0704843203392, "iperf_udp_download_jitter_ms": 0.08052840348070725, "error": false}, "test_bytes_consumed": 6261188100}}