{"Meta": {"Id": null, "Time": 1696349429.923253, "Extended": {"gitlog": "", "dataver": "1", "debhash": "0", "Annotation": null}}, "Measurements": {"total_bytes_consumed": 159109259636, "ipquery": {"ipv4": "18.224.54.214"}, "ping_latency": {"google_packet_loss_pct": 0.0, "google_rtt_min_ms": 16.365, "google_rtt_max_ms": 16.511, "google_rtt_avg_ms": 16.429, "google_rtt_mdev_ms": 0.037, "error": false}, "iperf": {"iperf_udp_upload": 955.9266059064215, "iperf_udp_upload_jitter_ms": 0.0411513936915914, "iperf_udp_download_i0": 944.8624640904234, "iperf_udp_download_i1": 956.7672035642356, "iperf_udp_download_i2": 956.61536, "iperf_udp_download_i3": 956.3616094115779, "iperf_udp_download_i4": 956.8146733374316, "iperf_udp_download": 954.2842944700698, "iperf_udp_download_jitter_ms": 0.07886725170024783, "error": false}, "test_bytes_consumed": 6222382760}}