{"Meta": {"Id": null, "Time": 1696795829.893176, "Extended": {"gitlog": "", "dataver": "1", "debhash": "0", "Annotation": null}}, "Measurements": {"total_bytes_consumed": 366659431853, "ipquery": {"ipv4": "18.224.54.214"}, "ping_latency": {"google_packet_loss_pct": 0.0, "google_rtt_min_ms": 18.739, "google_rtt_max_ms": 18.793, "google_rtt_avg_ms": 18.768, "google_rtt_mdev_ms": 0.02, "error": false}, "iperf": {"iperf_udp_upload": 955.8965142569173, "iperf_udp_upload_jitter_ms": 0.04801184142502894, "iperf_udp_download_i0": 944.3785757003559, "iperf_udp_download_i1": 956.7047612223581, "iperf_udp_download_i2": 956.7689215498498, "iperf_udp_download_i3": 956.7963199799823, "iperf_udp_download_i4": 955.8497821176194, "iperf_udp_download": 954.0996210270837, "iperf_udp_download_jitter_ms": 0.07213214560991772, "error": false}, "test_bytes_consumed": 6468197120}}