{"Meta": {"Id": null, "Time": 1695427830.016835, "Extended": {"gitlog": "", "dataver": "1", "debhash": "0", "Annotation": null}}, "Measurements": {"total_bytes_consumed": 500337881613, "ipquery": {"ipv4": "18.224.54.214"}, "ping_latency": {"google_packet_loss_pct": 0.0, "google_rtt_min_ms": 17.608, "google_rtt_max_ms": 17.75, "google_rtt_avg_ms": 17.647, "google_rtt_mdev_ms": 0.037, "error": false}, "iperf": {"iperf_udp_upload": 955.9789164231918, "iperf_udp_upload_jitter_ms": 0.0459373638555183, "iperf_udp_download_i0": 943.3298994932434, "iperf_udp_download_i1": 956.6414091083847, "iperf_udp_download_i2": 956.0324341225286, "iperf_udp_download_i3": 956.191934656626, "iperf_udp_download_i4": 956.7150995695148, "iperf_udp_download": 953.7821258282202, "iperf_udp_download_jitter_ms": 0.08494336423913663, "error": false}, "test_bytes_consumed": 6364677280}}