{"Meta": {"Id": null, "Time": 1696839029.692996, "Extended": {"gitlog": "", "dataver": "1", "debhash": "0", "Annotation": null}}, "Measurements": {"total_bytes_consumed": 389716240410, "ipquery": {"ipv4": "18.224.54.214"}, "ping_latency": {"google_packet_loss_pct": 0.0, "google_rtt_min_ms": 16.516, "google_rtt_max_ms": 16.59, "google_rtt_avg_ms": 16.565, "google_rtt_mdev_ms": 0.02, "error": false}, "iperf": {"iperf_udp_upload": 955.9907876082909, "iperf_udp_upload_jitter_ms": 0.05940991476123186, "iperf_udp_download_i0": 943.3926205053774, "iperf_udp_download_i1": 956.4878491890142, "iperf_udp_download_i2": 956.8470208940894, "iperf_udp_download_i3": 956.7478166596252, "iperf_udp_download_i4": 956.7799093022181, "iperf_udp_download": 954.0509139239343, "iperf_udp_download_jitter_ms": 0.07925900439603034, "error": false}, "test_bytes_consumed": 6104806040}}