{"Meta": {"Id": null, "Time": 1695629612.193639, "Extended": {"gitlog": "", "dataver": "1", "debhash": "0", "Annotation": null}}, "Measurements": {"total_bytes_consumed": 818732393941, "ipquery": {"ipv4": "18.224.54.214"}, "ping_latency": {"google_packet_loss_pct": 0.0, "google_rtt_min_ms": 17.104, "google_rtt_max_ms": 17.211, "google_rtt_avg_ms": 17.153, "google_rtt_mdev_ms": 0.03, "error": false}, "iperf": {"iperf_udp_upload": 955.9717068198053, "iperf_udp_upload_jitter_ms": 0.05203478629384014, "iperf_udp_download_i0": 944.2224373239948, "iperf_udp_download_i1": 956.7658526878702, "iperf_udp_download_i2": 956.5692423541843, "iperf_udp_download_i3": 956.4859678238985, "iperf_udp_download_i4": 956.6689701592127, "iperf_udp_download": 954.1424033510433, "iperf_udp_download_jitter_ms": 0.08080737676529665, "error": false}, "test_bytes_consumed": 6151133300}}