{"Meta": {"Id": null, "Time": 1697127030.302357, "Extended": {"gitlog": "", "dataver": "1", "debhash": "0", "Annotation": null}}, "Measurements": {"total_bytes_consumed": 521785041968, "ipquery": {"ipv4": "18.224.54.214"}, "ping_latency": {"google_packet_loss_pct": 0.0, "google_rtt_min_ms": 16.631, "google_rtt_max_ms": 16.707, "google_rtt_avg_ms": 16.666, "google_rtt_mdev_ms": 0.02, "error": false}, "iperf": {"iperf_udp_upload": 955.8745239192024, "iperf_udp_upload_jitter_ms": 0.04852539174822061, "iperf_udp_download_i0": 923.7926878806097, "iperf_udp_download_i1": 956.58032, "iperf_udp_download_i2": 956.7149453081776, "iperf_udp_download_i3": 954.8243278384289, "iperf_udp_download_i4": 948.845587987737, "iperf_udp_download": 948.1516253316042, "iperf_udp_download_jitter_ms": 0.083663636698707, "error": false}, "test_bytes_consumed": 6090065880}}