{"Meta": {"Id": null, "Time": 1695715829.913024, "Extended": {"gitlog": "", "dataver": "1", "debhash": "0", "Annotation": null}}, "Measurements": {"total_bytes_consumed": 947990477862, "ipquery": {"ipv4": "18.224.54.214"}, "ping_latency": {"google_packet_loss_pct": 0.0, "google_rtt_min_ms": 17.045, "google_rtt_max_ms": 17.091, "google_rtt_avg_ms": 17.074, "google_rtt_mdev_ms": 0.017, "error": false}, "iperf": {"iperf_udp_upload": 955.8989085112006, "iperf_udp_upload_jitter_ms": 0.04071546029074943, "iperf_udp_download_i0": 942.7737484229866, "iperf_udp_download_i1": 956.6136976430054, "iperf_udp_download_i2": 956.7440006699671, "iperf_udp_download_i3": 956.61536, "iperf_udp_download_i4": 956.6524899176508, "iperf_udp_download": 953.8797610930357, "iperf_udp_download_jitter_ms": 0.07403088775591257, "error": false}, "test_bytes_consumed": 6250674640}}