{"Meta": {"Id": null, "Time": 1695859829.432397, "Extended": {"gitlog": "", "dataver": "1", "debhash": "0", "Annotation": null}}, "Measurements": {"total_bytes_consumed": 1185089707740, "ipquery": {"ipv4": "18.224.54.214"}, "ping_latency": {"google_packet_loss_pct": 0.0, "google_rtt_min_ms": 17.13, "google_rtt_max_ms": 17.192, "google_rtt_avg_ms": 17.169, "google_rtt_mdev_ms": 0.017, "error": false}, "iperf": {"iperf_udp_upload": 955.9046902524203, "iperf_udp_upload_jitter_ms": 0.05751485979811147, "iperf_udp_download_i0": 944.0423666684047, "iperf_udp_download_i1": 956.7826003699852, "iperf_udp_download_i2": 956.7013124032148, "iperf_udp_download_i3": 956.5653654235193, "iperf_udp_download_i4": 956.7567070055669, "iperf_udp_download": 954.1696615033751, "iperf_udp_download_jitter_ms": 0.08343556931437714, "error": false}, "test_bytes_consumed": 6430857620}}