{"Meta": {"Id": null, "Time": 1696522230.584736, "Extended": {"gitlog": "", "dataver": "1", "debhash": "0", "Annotation": null}}, "Measurements": {"total_bytes_consumed": 250417651516, "ipquery": {"ipv4": "18.224.54.214"}, "ping_latency": {"google_packet_loss_pct": 0.0, "google_rtt_min_ms": 17.232, "google_rtt_max_ms": 17.313, "google_rtt_avg_ms": 17.26, "google_rtt_mdev_ms": 0.026, "error": false}, "iperf": {"iperf_udp_upload": 956.0733331046671, "iperf_udp_upload_jitter_ms": 0.05226393046450849, "iperf_udp_download_i0": 943.4659125283036, "iperf_udp_download_i1": 956.7320106101569, "iperf_udp_download_i2": 956.152063982191, "iperf_udp_download_i3": 956.7915886019007, "iperf_udp_download_i4": 953.1242668434631, "iperf_udp_download": 953.2532015101744, "iperf_udp_download_jitter_ms": 0.07997510836800953, "error": false}, "test_bytes_consumed": 6562304340}}