{"Meta": {"Id": null, "Time": 1696637534.314145, "Extended": {"gitlog": "", "dataver": "1", "debhash": "0", "Annotation": null}}, "Measurements": {"total_bytes_consumed": 293984257011, "ipquery": {"ipv4": "18.224.54.214"}, "ping_latency": {"google_packet_loss_pct": 0.0, "google_rtt_min_ms": 18.981, "google_rtt_max_ms": 19.605, "google_rtt_avg_ms": 19.075, "google_rtt_mdev_ms": 0.178, "error": false}, "iperf": {"iperf_udp_upload": 956.0152677854956, "iperf_udp_upload_jitter_ms": 0.0446746242489447, "iperf_udp_download_i0": 941.7992894817085, "iperf_udp_download_i1": 956.6772005302101, "iperf_udp_download_i2": 956.8709723370914, "iperf_udp_download_i3": 956.709551304585, "iperf_udp_download_i4": 956.7312475899814, "iperf_udp_download": 953.7575783373028, "iperf_udp_download_jitter_ms": 0.0778498282201484, "error": false}, "test_bytes_consumed": 6453055460}}