{"Meta": {"Id": null, "Time": 1695341429.935121, "Extended": {"gitlog": "", "dataver": "1", "debhash": "0", "Annotation": null}}, "Measurements": {"total_bytes_consumed": 362822172038, "ipquery": {"ipv4": "18.224.54.214"}, "ping_latency": {"google_packet_loss_pct": 0.0, "google_rtt_min_ms": 17.674, "google_rtt_max_ms": 17.81, "google_rtt_avg_ms": 17.724, "google_rtt_mdev_ms": 0.036, "error": false}, "iperf": {"iperf_udp_upload": 955.9803234167249, "iperf_udp_upload_jitter_ms": 0.0400621720944584, "iperf_udp_download_i0": 943.9764282944575, "iperf_udp_download_i1": 956.7126845591522, "iperf_udp_download_i2": 956.6378076790928, "iperf_udp_download_i3": 956.7106747907194, "iperf_udp_download_i4": 953.2777351292419, "iperf_udp_download": 953.4630117969016, "iperf_udp_download_jitter_ms": 0.06045636457244436, "error": false}, "test_bytes_consumed": 6531920280}}