{"Meta": {"Id": null, "Time": 1695744629.213348, "Extended": {"gitlog": "", "dataver": "1", "debhash": "0", "Annotation": null}}, "Measurements": {"total_bytes_consumed": 1001648103806, "ipquery": {"ipv4": "18.224.54.214"}, "ping_latency": {"google_packet_loss_pct": 0.0, "google_rtt_min_ms": 17.246, "google_rtt_max_ms": 17.336, "google_rtt_avg_ms": 17.291, "google_rtt_mdev_ms": 0.025, "error": false}, "iperf": {"iperf_udp_upload": 955.9920616111137, "iperf_udp_upload_jitter_ms": 0.04895936572718727, "iperf_udp_download_i0": 944.8129284761019, "iperf_udp_download_i1": 953.8151863318367, "iperf_udp_download_i2": 955.4386191613237, "iperf_udp_download_i3": 956.7388320511526, "iperf_udp_download_i4": 956.6933645287147, "iperf_udp_download": 953.4997962410877, "iperf_udp_download_jitter_ms": 0.0791309804691074, "error": false}, "test_bytes_consumed": 6566989480}}