{"Meta": {"Id": null, "Time": 1696248697.993546, "Extended": {"gitlog": "", "dataver": "1", "debhash": "0", "Annotation": null}}, "Measurements": {"total_bytes_consumed": 100925178937, "ipquery": {"ipv4": "18.224.54.214"}, "ping_latency": {"google_packet_loss_pct": 0.0, "google_rtt_min_ms": 16.96, "google_rtt_max_ms": 17.066, "google_rtt_avg_ms": 16.995, "google_rtt_mdev_ms": 0.034, "error": false}, "iperf": {"iperf_udp_upload": 955.876074268159, "iperf_udp_upload_jitter_ms": 0.0360175413117301, "iperf_udp_download_i0": 943.4116580215406, "iperf_udp_download_i1": 956.7314084114079, "iperf_udp_download_i2": 956.3346518008444, "iperf_udp_download_i3": 956.812254873631, "iperf_udp_download_i4": 956.8547203315565, "iperf_udp_download": 954.0289007723132, "iperf_udp_download_jitter_ms": 0.06801081451416872, "error": false}, "test_bytes_consumed": 6225492560}}