{"Meta": {"Id": null, "Time": 1696090229.253797, "Extended": {"gitlog": "", "dataver": "1", "debhash": "0", "Annotation": null}}, "Measurements": {"total_bytes_consumed": 1409183461154, "ipquery": {"ipv4": "18.224.54.214"}, "ping_latency": {"google_packet_loss_pct": 0.0, "google_rtt_min_ms": 17.48, "google_rtt_max_ms": 17.538, "google_rtt_avg_ms": 17.511, "google_rtt_mdev_ms": 0.019, "error": false}, "iperf": {"iperf_udp_upload": 955.9221146506254, "iperf_udp_upload_jitter_ms": 0.055417811181457645, "iperf_udp_download_i0": 943.370161586892, "iperf_udp_download_i1": 956.6007583664876, "iperf_udp_download_i2": 956.5822734208604, "iperf_udp_download_i3": 956.2695244600148, "iperf_udp_download_i4": 956.7520728845631, "iperf_udp_download": 953.9148010019753, "iperf_udp_download_jitter_ms": 0.08214594645303766, "error": false}, "test_bytes_consumed": 6308220540}}