{"Meta": {"Id": null, "Time": 1696810317.305517, "Extended": {"gitlog": "", "dataver": "1", "debhash": "0", "Annotation": null}}, "Measurements": {"total_bytes_consumed": 376962576150, "ipquery": {"ipv4": "18.224.54.214"}, "ping_latency": {"google_packet_loss_pct": 0.0, "google_rtt_min_ms": 16.724, "google_rtt_max_ms": 16.809, "google_rtt_avg_ms": 16.769, "google_rtt_mdev_ms": 0.023, "error": false}, "iperf": {"iperf_udp_upload": 955.8454195313934, "iperf_udp_upload_jitter_ms": 0.03551520288774377, "iperf_udp_download_i0": 943.3448914102975, "iperf_udp_download_i1": 956.7794149403085, "iperf_udp_download_i2": 956.7859297387561, "iperf_udp_download_i3": 956.8179003732581, "iperf_udp_download_i4": 956.7504131549655, "iperf_udp_download": 954.095561478714, "iperf_udp_download_jitter_ms": 0.0808530124793849, "error": false}, "test_bytes_consumed": 6538555980}}