{"Meta": {"Id": null, "Time": 1696306229.241754, "Extended": {"gitlog": "", "dataver": "1", "debhash": "0", "Annotation": null}}, "Measurements": {"total_bytes_consumed": 133855248516, "ipquery": {"ipv4": "18.224.54.214"}, "ping_latency": {"google_packet_loss_pct": 0.0, "google_rtt_min_ms": 16.389, "google_rtt_max_ms": 16.455, "google_rtt_avg_ms": 16.427, "google_rtt_mdev_ms": 0.018, "error": false}, "iperf": {"iperf_udp_upload": 956.0559087329095, "iperf_udp_upload_jitter_ms": 0.06382763361313736, "iperf_udp_download_i0": 945.7912239675095, "iperf_udp_download_i1": 956.8303903566041, "iperf_udp_download_i2": 956.7078876122592, "iperf_udp_download_i3": 956.8392190901, "iperf_udp_download_i4": 956.767360388713, "iperf_udp_download": 954.5872304322085, "iperf_udp_download_jitter_ms": 0.0750049675332401, "error": false}, "test_bytes_consumed": 6211085280}}