{"Meta": {"Id": null, "Time": 1695528629.893495, "Extended": {"gitlog": "", "dataver": "1", "debhash": "0", "Annotation": null}}, "Measurements": {"total_bytes_consumed": 652288805653, "ipquery": {"ipv4": "18.224.54.214"}, "ping_latency": {"google_packet_loss_pct": 0.0, "google_rtt_min_ms": 17.593, "google_rtt_max_ms": 17.639, "google_rtt_avg_ms": 17.614, "google_rtt_mdev_ms": 0.013, "error": false}, "iperf": {"iperf_udp_upload": 955.8537866950388, "iperf_udp_upload_jitter_ms": 0.03410870206435296, "iperf_udp_download_i0": 943.2641485917216, "iperf_udp_download_i1": 956.84896, "iperf_udp_download_i2": 956.51024, "iperf_udp_download_i3": 956.7312475899814, "iperf_udp_download_i4": 956.5142042808488, "iperf_udp_download": 953.9735988779761, "iperf_udp_download_jitter_ms": 0.07613066382167633, "error": false}, "test_bytes_consumed": 6480648000}}