{"Meta": {"Id": null, "Time": 1695168630.143488, "Extended": {"gitlog": "", "dataver": "1", "debhash": "0", "Annotation": null}}, "Measurements": {"total_bytes_consumed": 70577254896, "ipquery": {"ipv4": "18.224.54.214"}, "ping_latency": {"google_packet_loss_pct": 0.0, "google_rtt_min_ms": 17.535, "google_rtt_max_ms": 17.59, "google_rtt_avg_ms": 17.568, "google_rtt_mdev_ms": 0.017, "error": false}, "iperf": {"iperf_udp_upload": 956.0537161435982, "iperf_udp_upload_jitter_ms": 0.053024932077222336, "iperf_udp_download_i0": 943.9541253876588, "iperf_udp_download_i1": 956.7844252094387, "iperf_udp_download_i2": 956.719883069063, "iperf_udp_download_i3": 956.8780266373551, "iperf_udp_download_i4": 956.7677952060423, "iperf_udp_download": 954.2207106241233, "iperf_udp_download_jitter_ms": 0.0844689691241456, "error": false}, "test_bytes_consumed": 6501339120}}