{"Meta": {"Id": null, "Time": 1697343030.073189, "Extended": {"gitlog": "", "dataver": "1", "debhash": "0", "Annotation": null}}, "Measurements": {"total_bytes_consumed": 609005811732, "ipquery": {"ipv4": "18.224.54.214"}, "ping_latency": {"google_packet_loss_pct": 0.0, "google_rtt_min_ms": 16.82, "google_rtt_max_ms": 16.891, "google_rtt_avg_ms": 16.846, "google_rtt_mdev_ms": 0.018, "error": false}, "iperf": {"iperf_udp_upload": 955.9519568576518, "iperf_udp_upload_jitter_ms": 0.04927210811714507, "iperf_udp_download_i0": 945.0863004818042, "iperf_udp_download_i1": 952.926411160568, "iperf_udp_download_i2": 956.7547681078763, "iperf_udp_download_i3": 956.742492150405, "iperf_udp_download_i4": 953.3605141650486, "iperf_udp_download": 952.9740332004625, "iperf_udp_download_jitter_ms": 0.07865437403745124, "error": false}, "test_bytes_consumed": 6257047540}}