{"Meta": {"Id": null, "Time": 1695759030.196745, "Extended": {"gitlog": "", "dataver": "1", "debhash": "0", "Annotation": null}}, "Measurements": {"total_bytes_consumed": 1022239653778, "ipquery": {"ipv4": "18.224.54.214"}, "ping_latency": {"google_packet_loss_pct": 0.0, "google_rtt_min_ms": 17.153, "google_rtt_max_ms": 17.244, "google_rtt_avg_ms": 17.177, "google_rtt_mdev_ms": 0.025, "error": false}, "iperf": {"iperf_udp_upload": 955.9449862302577, "iperf_udp_upload_jitter_ms": 0.04889790100502836, "iperf_udp_download_i0": 944.7842419612889, "iperf_udp_download_i1": 956.7989544409539, "iperf_udp_download_i2": 954.2404523529029, "iperf_udp_download_i3": 956.7841048490105, "iperf_udp_download_i4": 956.7524510603873, "iperf_udp_download": 953.8719912535315, "iperf_udp_download_jitter_ms": 0.0665496278922827, "error": false}, "test_bytes_consumed": 6472309940}}