{"Meta": {"Id": null, "Time": 1695499829.362853, "Extended": {"gitlog": "", "dataver": "1", "debhash": "0", "Annotation": null}}, "Measurements": {"total_bytes_consumed": 605549835709, "ipquery": {"ipv4": "18.224.54.214"}, "ping_latency": {"google_packet_loss_pct": 0.0, "google_rtt_min_ms": 17.667, "google_rtt_max_ms": 17.71, "google_rtt_avg_ms": 17.683, "google_rtt_mdev_ms": 0.014, "error": false}, "iperf": {"iperf_udp_upload": 956.0142057794014, "iperf_udp_upload_jitter_ms": 0.06432999407463595, "iperf_udp_download_i0": 943.3799291673419, "iperf_udp_download_i1": 956.8032095085622, "iperf_udp_download_i2": 956.8130075120091, "iperf_udp_download_i3": 956.48688, "iperf_udp_download_i4": 956.8646775003871, "iperf_udp_download": 954.069408313883, "iperf_udp_download_jitter_ms": 0.0678259447311722, "error": false}, "test_bytes_consumed": 6445622600}}