{"Meta": {"Id": null, "Time": 1695442230.043924, "Extended": {"gitlog": "", "dataver": "1", "debhash": "0", "Annotation": null}}, "Measurements": {"total_bytes_consumed": 521690665581, "ipquery": {"ipv4": "18.224.54.214"}, "ping_latency": {"google_packet_loss_pct": 0.0, "google_rtt_min_ms": 18.631, "google_rtt_max_ms": 18.787, "google_rtt_avg_ms": 18.686, "google_rtt_mdev_ms": 0.043, "error": false}, "iperf": {"iperf_udp_upload": 955.7691067500808, "iperf_udp_upload_jitter_ms": 0.05487470288815311, "iperf_udp_download_i0": 945.2719680477378, "iperf_udp_download_i1": 956.4492950276713, "iperf_udp_download_i2": 956.0688547234433, "iperf_udp_download_i3": 956.6646274814674, "iperf_udp_download_i4": 956.8313601909268, "iperf_udp_download": 954.2571240251488, "iperf_udp_download_jitter_ms": 0.0781412025424224, "error": false}, "test_bytes_consumed": 6225457520}}