{"Meta": {"Id": null, "Time": 1695485520.884834, "Extended": {"gitlog": "", "dataver": "1", "debhash": "0", "Annotation": null}}, "Measurements": {"total_bytes_consumed": 582085599040, "ipquery": {"ipv4": "18.224.54.214"}, "ping_latency": {"google_packet_loss_pct": 0.0, "google_rtt_min_ms": 16.827, "google_rtt_max_ms": 16.903, "google_rtt_avg_ms": 16.851, "google_rtt_mdev_ms": 0.023, "error": false}, "iperf": {"iperf_udp_upload": 955.9385726706414, "iperf_udp_upload_jitter_ms": 0.04537447192035027, "iperf_udp_download_i0": 945.436698361303, "iperf_udp_download_i1": 956.6144605882852, "iperf_udp_download_i2": 955.7887563012235, "iperf_udp_download_i3": 956.8550960315537, "iperf_udp_download_i4": 955.9263556290059, "iperf_udp_download": 954.1242897704042, "iperf_udp_download_jitter_ms": 0.072280550825205, "error": false}, "test_bytes_consumed": 6525611620}}