{"Meta": {"Id": null, "Time": 1696781430.543162, "Extended": {"gitlog": "", "dataver": "1", "debhash": "0", "Annotation": null}}, "Measurements": {"total_bytes_consumed": 358380483983, "ipquery": {"ipv4": "18.224.54.214"}, "ping_latency": {"google_packet_loss_pct": 0.0, "google_rtt_min_ms": 18.32, "google_rtt_max_ms": 18.382, "google_rtt_avg_ms": 18.358, "google_rtt_mdev_ms": 0.016, "error": false}, "iperf": {"iperf_udp_upload": 956.0271015620579, "iperf_udp_upload_jitter_ms": 0.036505988012768484, "iperf_udp_download_i0": 943.1875067402563, "iperf_udp_download_i1": 956.7739324776396, "iperf_udp_download_i2": 956.3321899079766, "iperf_udp_download_i3": 956.7340988770677, "iperf_udp_download_i4": 956.7409886896614, "iperf_udp_download": 953.9537585514297, "iperf_udp_download_jitter_ms": 0.08463940850869683, "error": false}, "test_bytes_consumed": 6506630160}}