{"Meta": {"Id": null, "Time": 1695658230.562613, "Extended": {"gitlog": "", "dataver": "1", "debhash": "0", "Annotation": null}}, "Measurements": {"total_bytes_consumed": 862927221052, "ipquery": {"ipv4": "18.224.54.214"}, "ping_latency": {"google_packet_loss_pct": 0.0, "google_rtt_min_ms": 16.944, "google_rtt_max_ms": 18.257, "google_rtt_avg_ms": 17.099, "google_rtt_mdev_ms": 0.386, "error": false}, "iperf": {"iperf_udp_upload": 955.9958420020789, "iperf_udp_upload_jitter_ms": 0.03887898228394123, "iperf_udp_download_i0": 945.2492118955647, "iperf_udp_download_i1": 956.786682032739, "iperf_udp_download_i2": 956.7945980601132, "iperf_udp_download_i3": 956.2632112081935, "iperf_udp_download_i4": 956.8556880626902, "iperf_udp_download": 954.3897997747266, "iperf_udp_download_jitter_ms": 0.06994302347760983, "error": false}, "test_bytes_consumed": 6481966380}}