{"Meta": {"Id": null, "Time": 1697415030.12314, "Extended": {"gitlog": "", "dataver": "1", "debhash": "0", "Annotation": null}}, "Measurements": {"total_bytes_consumed": 637472322675, "ipquery": {"ipv4": "18.224.54.214"}, "ping_latency": {"google_packet_loss_pct": 0.0, "google_rtt_min_ms": 18.764, "google_rtt_max_ms": 18.815, "google_rtt_avg_ms": 18.79, "google_rtt_mdev_ms": 0.016, "error": false}, "iperf": {"iperf_udp_upload": 955.9244610944236, "iperf_udp_upload_jitter_ms": 0.047230187702109315, "iperf_udp_download_i0": 943.6193069148146, "iperf_udp_download_i1": 956.9083296150782, "iperf_udp_download_i2": 956.7564894612217, "iperf_udp_download_i3": 956.7293087244703, "iperf_udp_download_i4": 956.7063850868046, "iperf_udp_download": 954.1437782342415, "iperf_udp_download_jitter_ms": 0.0816643985670205, "error": false}, "test_bytes_consumed": 6004609160}}