{"Meta": {"Id": null, "Time": 1695399029.464147, "Extended": {"gitlog": "", "dataver": "1", "debhash": "0", "Annotation": null}}, "Measurements": {"total_bytes_consumed": 452443704851, "ipquery": {"ipv4": "18.224.54.214"}, "ping_latency": {"google_packet_loss_pct": 0.0, "google_rtt_min_ms": 17.103, "google_rtt_max_ms": 17.271, "google_rtt_avg_ms": 17.163, "google_rtt_mdev_ms": 0.045, "error": false}, "iperf": {"iperf_udp_upload": 955.9969726034819, "iperf_udp_upload_jitter_ms": 0.052093922781029485, "iperf_udp_download_i0": 943.8646726699341, "iperf_udp_download_i1": 956.1523709828657, "iperf_udp_download_i2": 956.4675606721681, "iperf_udp_download_i3": 956.3556865020311, "iperf_udp_download_i4": 956.8146733374316, "iperf_udp_download": 953.930944695885, "iperf_udp_download_jitter_ms": 0.0693087955831329, "error": false}, "test_bytes_consumed": 6086795480}}