{"Meta": {"Id": null, "Time": 1695183029.923, "Extended": {"gitlog": "", "dataver": "1", "debhash": "0", "Annotation": null}}, "Measurements": {"total_bytes_consumed": 101028793142, "ipquery": {"ipv4": "18.224.54.214"}, "ping_latency": {"google_packet_loss_pct": 0.0, "google_rtt_min_ms": 27.007, "google_rtt_max_ms": 27.091, "google_rtt_avg_ms": 27.063, "google_rtt_mdev_ms": 0.025, "error": false}, "iperf": {"iperf_udp_upload": 955.4963896295129, "iperf_udp_upload_jitter_ms": 0.0336519667054809, "iperf_udp_download_i0": 935.0750404284092, "iperf_udp_download_i1": 956.7394230229237, "iperf_udp_download_i2": 956.6894788997023, "iperf_udp_download_i3": 953.092771935513, "iperf_udp_download_i4": 956.7712382466885, "iperf_udp_download": 951.6732740322822, "iperf_udp_download_jitter_ms": 0.06862831590781233, "error": false}, "test_bytes_consumed": 6149876240}}