{"Meta": {"Id": null, "Time": 1697429430.413069, "Extended": {"gitlog": "", "dataver": "1", "debhash": "0", "Annotation": null}}, "Measurements": {"total_bytes_consumed": 647843500531, "ipquery": {"ipv4": "18.224.54.214"}, "ping_latency": {"google_packet_loss_pct": 0.0, "google_rtt_min_ms": 17.541, "google_rtt_max_ms": 17.629, "google_rtt_avg_ms": 17.604, "google_rtt_mdev_ms": 0.027, "error": false}, "iperf": {"iperf_udp_upload": 955.4905496368128, "iperf_udp_upload_jitter_ms": 0.04555238117311044, "iperf_udp_download_i0": 944.4733342917783, "iperf_udp_download_i1": 956.0725501178517, "iperf_udp_download_i2": 956.0391650625119, "iperf_udp_download_i3": 956.3275370754378, "iperf_udp_download_i4": 956.3331019355759, "iperf_udp_download": 953.8490456719148, "iperf_udp_download_jitter_ms": 0.07467479546502157, "error": false}, "test_bytes_consumed": 6469773920}}