{"Meta": {"Id": null, "Time": 1695975119.26321, "Extended": {"gitlog": "", "dataver": "1", "debhash": "0", "Annotation": null}}, "Measurements": {"total_bytes_consumed": 1323358646277, "ipquery": {"ipv4": "18.224.54.214"}, "ping_latency": {"google_packet_loss_pct": 0.0, "google_rtt_min_ms": 18.275, "google_rtt_max_ms": 18.374, "google_rtt_avg_ms": 18.309, "google_rtt_mdev_ms": 0.024, "error": false}, "iperf": {"iperf_udp_upload": 955.9485380257311, "iperf_udp_upload_jitter_ms": 0.02901889853306583, "iperf_udp_download_i0": 943.4871278829213, "iperf_udp_download_i1": 953.8679273266134, "iperf_udp_download_i2": 956.7543899960274, "iperf_udp_download_i3": 956.789807652579, "iperf_udp_download_i4": 956.5274762671218, "iperf_udp_download": 953.4851729384834, "iperf_udp_download_jitter_ms": 0.0829713412039417, "error": false}, "test_bytes_consumed": 6483508140}}