{"Meta": {"Id": null, "Time": 1695255029.78366, "Extended": {"gitlog": "", "dataver": "1", "debhash": "0", "Annotation": null}}, "Measurements": {"total_bytes_consumed": 211035356508, "ipquery": {"ipv4": "18.224.54.214"}, "ping_latency": {"google_packet_loss_pct": 0.0, "google_rtt_min_ms": 18.462, "google_rtt_max_ms": 18.569, "google_rtt_avg_ms": 18.517, "google_rtt_mdev_ms": 0.028, "error": false}, "iperf": {"iperf_udp_upload": 955.9877346202378, "iperf_udp_upload_jitter_ms": 0.047416726040404956, "iperf_udp_download_i0": 943.3098536532531, "iperf_udp_download_i1": 956.6815624588008, "iperf_udp_download_i2": 956.8138622530344, "iperf_udp_download_i3": 954.228548999856, "iperf_udp_download_i4": 956.8026739868316, "iperf_udp_download": 953.5671528058045, "iperf_udp_download_jitter_ms": 0.07765927567122026, "error": false}, "test_bytes_consumed": 6174980940}}