{"Meta": {"Id": null, "Time": 1695312629.933812, "Extended": {"gitlog": "", "dataver": "1", "debhash": "0", "Annotation": null}}, "Measurements": {"total_bytes_consumed": 320903350368, "ipquery": {"ipv4": "18.224.54.214"}, "ping_latency": {"google_packet_loss_pct": 0.0, "google_rtt_min_ms": 17.341, "google_rtt_max_ms": 17.521, "google_rtt_avg_ms": 17.407, "google_rtt_mdev_ms": 0.049, "error": false}, "iperf": {"iperf_udp_upload": 955.9036760963239, "iperf_udp_upload_jitter_ms": 0.0603608097485397, "iperf_udp_download_i0": 944.0905734915377, "iperf_udp_download_i1": 956.8256, "iperf_udp_download_i2": 956.5462492481898, "iperf_udp_download_i3": 956.7134427166375, "iperf_udp_download_i4": 953.2407899485044, "iperf_udp_download": 953.4833931188133, "iperf_udp_download_jitter_ms": 0.07507912874181633, "error": false}, "test_bytes_consumed": 6640935560}}