{"Meta": {"Id": null, "Time": 1696018230.453875, "Extended": {"gitlog": "", "dataver": "1", "debhash": "0", "Annotation": null}}, "Measurements": {"total_bytes_consumed": 1354616984931, "ipquery": {"ipv4": "18.224.54.214"}, "ping_latency": {"google_packet_loss_pct": 0.0, "google_rtt_min_ms": 18.679, "google_rtt_max_ms": 18.735, "google_rtt_avg_ms": 18.714, "google_rtt_mdev_ms": 0.017, "error": false}, "iperf": {"iperf_udp_upload": 955.7300849104025, "iperf_udp_upload_jitter_ms": 0.03575777684984995, "iperf_udp_download_i0": 942.742771222801, "iperf_udp_download_i1": 956.6562264955027, "iperf_udp_download_i2": 956.7681694730569, "iperf_udp_download_i3": 956.7429275788426, "iperf_udp_download_i4": 956.7486302396285, "iperf_udp_download": 953.9317520801399, "iperf_udp_download_jitter_ms": 0.07722627349197934, "error": false}, "test_bytes_consumed": 6240527640}}