{"Meta": {"Id": null, "Time": 1697371830.422793, "Extended": {"gitlog": "", "dataver": "1", "debhash": "0", "Annotation": null}}, "Measurements": {"total_bytes_consumed": 619379094608, "ipquery": {"ipv4": "18.224.54.214"}, "ping_latency": {"google_packet_loss_pct": 0.0, "google_rtt_min_ms": 17.406, "google_rtt_max_ms": 17.464, "google_rtt_avg_ms": 17.445, "google_rtt_mdev_ms": 0.016, "error": false}, "iperf": {"iperf_udp_upload": 955.9586302641229, "iperf_udp_upload_jitter_ms": 0.037271688812547374, "iperf_udp_download_i0": 943.6466397391872, "iperf_udp_download_i1": 956.7666047511, "iperf_udp_download_i2": 956.7171993419148, "iperf_udp_download_i3": 956.7511033967855, "iperf_udp_download_i4": 956.0909543070464, "iperf_udp_download": 953.9943524334062, "iperf_udp_download_jitter_ms": 0.0786950277287013, "error": false}, "test_bytes_consumed": 5825586880}}