{"Meta": {"Id": null, "Time": 1696191030.134145, "Extended": {"gitlog": "", "dataver": "1", "debhash": "0", "Annotation": null}}, "Measurements": {"total_bytes_consumed": 61861060928, "ipquery": {"ipv4": "18.224.54.214"}, "ping_latency": {"google_packet_loss_pct": 0.0, "google_rtt_min_ms": 18.233, "google_rtt_max_ms": 18.305, "google_rtt_avg_ms": 18.268, "google_rtt_mdev_ms": 0.019, "error": false}, "iperf": {"iperf_udp_upload": 955.966854049719, "iperf_udp_upload_jitter_ms": 0.03249809696485288, "iperf_udp_download_i0": 943.0296088958751, "iperf_udp_download_i1": 956.727966503754, "iperf_udp_download_i2": 956.7630012463246, "iperf_udp_download_i3": 956.7591233130985, "iperf_udp_download_i4": 956.4838865106441, "iperf_udp_download": 953.9527417171681, "iperf_udp_download_jitter_ms": 0.0679352700915631, "error": false}, "test_bytes_consumed": 6322254060}}