{"Meta": {"Id": null, "Time": 1695845429.635083, "Extended": {"gitlog": "", "dataver": "1", "debhash": "0", "Annotation": null}}, "Measurements": {"total_bytes_consumed": 1167274026337, "ipquery": {"ipv4": "18.224.54.214"}, "ping_latency": {"google_packet_loss_pct": 0.0, "google_rtt_min_ms": 17.759, "google_rtt_max_ms": 17.821, "google_rtt_avg_ms": 17.797, "google_rtt_mdev_ms": 0.018, "error": false}, "iperf": {"iperf_udp_upload": 956.1941628543779, "iperf_udp_upload_jitter_ms": 0.03629832633299899, "iperf_udp_download_i0": 943.39864474895, "iperf_udp_download_i1": 956.8401316058075, "iperf_udp_download_i2": 956.7092362257, "iperf_udp_download_i3": 956.8261931036476, "iperf_udp_download_i4": 956.7945391353805, "iperf_udp_download": 954.1137358244189, "iperf_udp_download_jitter_ms": 0.07764159763153804, "error": false}, "test_bytes_consumed": 6488345120}}