{"Meta": {"Id": null, "Time": 1695888629.613879, "Extended": {"gitlog": "", "dataver": "1", "debhash": "0", "Annotation": null}}, "Measurements": {"total_bytes_consumed": 1225668378435, "ipquery": {"ipv4": "18.224.54.214"}, "ping_latency": {"google_packet_loss_pct": 0.0, "google_rtt_min_ms": 26.353, "google_rtt_max_ms": 26.419, "google_rtt_avg_ms": 26.379, "google_rtt_mdev_ms": 0.021, "error": false}, "iperf": {"iperf_udp_upload": 955.4878207377882, "iperf_udp_upload_jitter_ms": 0.036426963421567045, "iperf_udp_download_i0": 933.3133081823695, "iperf_udp_download_i1": 956.5419890496056, "iperf_udp_download_i2": 956.7724250703924, "iperf_udp_download_i3": 956.4409078138818, "iperf_udp_download_i4": 955.517904771273, "iperf_udp_download": 951.7171718620006, "iperf_udp_download_jitter_ms": 0.07467939477507786, "error": false}, "test_bytes_consumed": 6101686020}}