{"Meta": {"Id": null, "Time": 1695471030.544614, "Extended": {"gitlog": "", "dataver": "1", "debhash": "0", "Annotation": null}}, "Measurements": {"total_bytes_consumed": 558653431142, "ipquery": {"ipv4": "18.224.54.214"}, "ping_latency": {"google_packet_loss_pct": 0.0, "google_rtt_min_ms": 17.895, "google_rtt_max_ms": 17.98, "google_rtt_avg_ms": 17.954, "google_rtt_mdev_ms": 0.022, "error": false}, "iperf": {"iperf_udp_upload": 955.9376540935189, "iperf_udp_upload_jitter_ms": 0.047441230260502024, "iperf_udp_download_i0": 943.2524693268437, "iperf_udp_download_i1": 956.74384, "iperf_udp_download_i2": 956.61536, "iperf_udp_download_i3": 956.4679238363187, "iperf_udp_download_i4": 956.6972812324758, "iperf_udp_download": 953.9552321629047, "iperf_udp_download_jitter_ms": 0.084697358766701, "error": false}, "test_bytes_consumed": 6186871180}}