{"Meta": {"Id": null, "Time": 1695586230.263116, "Extended": {"gitlog": "", "dataver": "1", "debhash": "0", "Annotation": null}}, "Measurements": {"total_bytes_consumed": 745838892430, "ipquery": {"ipv4": "18.224.54.214"}, "ping_latency": {"google_packet_loss_pct": 0.0, "google_rtt_min_ms": 16.714, "google_rtt_max_ms": 16.776, "google_rtt_avg_ms": 16.746, "google_rtt_mdev_ms": 0.017, "error": false}, "iperf": {"iperf_udp_upload": 955.8904830821377, "iperf_udp_upload_jitter_ms": 0.0459487683471501, "iperf_udp_download_i0": 943.1813818774237, "iperf_udp_download_i1": 956.7340988770677, "iperf_udp_download_i2": 956.8013275231481, "iperf_udp_download_i3": 956.8091294574646, "iperf_udp_download_i4": 956.7195676011204, "iperf_udp_download": 954.0489646386843, "iperf_udp_download_jitter_ms": 0.0722157677169248, "error": false}, "test_bytes_consumed": 6489368580}}