{"Meta": {"Id": null, "Time": 1697040630.793396, "Extended": {"gitlog": "", "dataver": "1", "debhash": "0", "Annotation": null}}, "Measurements": {"total_bytes_consumed": 477704564719, "ipquery": {"ipv4": "18.224.54.214"}, "ping_latency": {"google_packet_loss_pct": 0.0, "google_rtt_min_ms": 17.877, "google_rtt_max_ms": 18.009, "google_rtt_avg_ms": 17.969, "google_rtt_mdev_ms": 0.033, "error": false}, "iperf": {"iperf_udp_upload": 955.9114219284381, "iperf_udp_upload_jitter_ms": 0.05654936026781403, "iperf_udp_download_i0": 944.6473555553616, "iperf_udp_download_i1": 956.783075756166, "iperf_udp_download_i2": 956.8160182611246, "iperf_udp_download_i3": 952.4568506015129, "iperf_udp_download_i4": 937.1696070204574, "iperf_udp_download": 949.5744203602138, "iperf_udp_download_jitter_ms": 0.0717295112769279, "error": false}, "test_bytes_consumed": 6478618600}}