{"Meta": {"Id": null, "Time": 1696104629.833124, "Extended": {"gitlog": "", "dataver": "1", "debhash": "0", "Annotation": null}}, "Measurements": {"total_bytes_consumed": 1421947635999, "ipquery": {"ipv4": "18.224.54.214"}, "ping_latency": {"google_packet_loss_pct": 0.0, "google_rtt_min_ms": 17.497, "google_rtt_max_ms": 17.539, "google_rtt_avg_ms": 17.518, "google_rtt_mdev_ms": 0.01, "error": false}, "iperf": {"iperf_udp_upload": 955.9403246686265, "iperf_udp_upload_jitter_ms": 0.03746894056087306, "iperf_udp_download_i0": 943.2372201911083, "iperf_udp_download_i1": 956.7354468914875, "iperf_udp_download_i2": 956.81392, "iperf_udp_download_i3": 956.4728767734151, "iperf_udp_download_i4": 956.7959446691497, "iperf_udp_download": 954.0110091541628, "iperf_udp_download_jitter_ms": 0.06929869525569485, "error": false}, "test_bytes_consumed": 6494753060}}