{"Meta": {"Id": null, "Time": 1696277430.082581, "Extended": {"gitlog": "", "dataver": "1", "debhash": "0", "Annotation": null}}, "Measurements": {"total_bytes_consumed": 113796918687, "ipquery": {"ipv4": "18.224.54.214"}, "ping_latency": {"google_packet_loss_pct": 0.0, "google_rtt_min_ms": 17.328, "google_rtt_max_ms": 17.398, "google_rtt_avg_ms": 17.352, "google_rtt_mdev_ms": 0.018, "error": false}, "iperf": {"iperf_udp_upload": 956.0430129462338, "iperf_udp_upload_jitter_ms": 0.05117705077820606, "iperf_udp_download_i0": 945.4973104902357, "iperf_udp_download_i1": 956.7641919416991, "iperf_udp_download_i2": 955.9662363567037, "iperf_udp_download_i3": 956.7107388297271, "iperf_udp_download_i4": 956.8119801338107, "iperf_udp_download": 954.3500694890936, "iperf_udp_download_jitter_ms": 0.07249790481863443, "error": false}, "test_bytes_consumed": 6200703220}}