{"Meta": {"Id": null, "Time": 1696320630.023513, "Extended": {"gitlog": "", "dataver": "1", "debhash": "0", "Annotation": null}}, "Measurements": {"total_bytes_consumed": 143565114617, "ipquery": {"ipv4": "18.224.54.214"}, "ping_latency": {"google_packet_loss_pct": 0.0, "google_rtt_min_ms": 18.432, "google_rtt_max_ms": 18.501, "google_rtt_avg_ms": 18.455, "google_rtt_mdev_ms": 0.019, "error": false}, "iperf": {"iperf_udp_upload": 956.0031949976039, "iperf_udp_upload_jitter_ms": 0.03857925910314254, "iperf_udp_download_i0": 943.2211418425069, "iperf_udp_download_i1": 956.7765634527344, "iperf_udp_download_i2": 956.7656959317645, "iperf_udp_download_i3": 956.81392, "iperf_udp_download_i4": 956.7848571178465, "iperf_udp_download": 954.0723129435024, "iperf_udp_download_jitter_ms": 0.0723379442831765, "error": false}, "test_bytes_consumed": 6151877900}}