{"Meta": {"Id": null, "Time": 1697314303.032202, "Extended": {"gitlog": "", "dataver": "1", "debhash": "0", "Annotation": null}}, "Measurements": {"total_bytes_consumed": 594594252347, "ipquery": {"ipv4": "18.224.54.214"}, "ping_latency": {"google_packet_loss_pct": 0.0, "google_rtt_min_ms": 19.326, "google_rtt_max_ms": 19.564, "google_rtt_avg_ms": 19.399, "google_rtt_mdev_ms": 0.062, "error": false}, "iperf": {"iperf_udp_upload": 955.5105011629238, "iperf_udp_upload_jitter_ms": 0.05214014249514832, "iperf_udp_download_i0": 945.6927355375623, "iperf_udp_download_i1": 956.7511649687234, "iperf_udp_download_i2": 952.9623600491477, "iperf_udp_download_i3": 956.4717436278182, "iperf_udp_download_i4": 956.6609489656662, "iperf_udp_download": 953.707721452221, "iperf_udp_download_jitter_ms": 0.07714784216491746, "error": false}, "test_bytes_consumed": 6148572460}}