{"Meta": {"Id": null, "Time": 1697026230.302811, "Extended": {"gitlog": "", "dataver": "1", "debhash": "0", "Annotation": null}}, "Measurements": {"total_bytes_consumed": 467386716531, "ipquery": {"ipv4": "18.224.54.214"}, "ping_latency": {"google_packet_loss_pct": 0.0, "google_rtt_min_ms": 17.112, "google_rtt_max_ms": 17.204, "google_rtt_avg_ms": 17.165, "google_rtt_mdev_ms": 0.025, "error": false}, "iperf": {"iperf_udp_upload": 955.8129067216108, "iperf_udp_upload_jitter_ms": 0.0459949859049684, "iperf_udp_download_i0": 942.95666603284, "iperf_udp_download_i1": 956.6114827428421, "iperf_udp_download_i2": 956.7836704150673, "iperf_udp_download_i3": 956.6806412531984, "iperf_udp_download_i4": 939.8345059457655, "iperf_udp_download": 950.573068868932, "iperf_udp_download_jitter_ms": 0.07357858513988974, "error": false}, "test_bytes_consumed": 6445231320}}