{"Meta": {"Id": null, "Time": 1696219829.572746, "Extended": {"gitlog": "", "dataver": "1", "debhash": "0", "Annotation": null}}, "Measurements": {"total_bytes_consumed": 85412784710, "ipquery": {"ipv4": "18.224.54.214"}, "ping_latency": {"google_packet_loss_pct": 0.0, "google_rtt_min_ms": 17.448, "google_rtt_max_ms": 17.55, "google_rtt_avg_ms": 17.5, "google_rtt_mdev_ms": 0.026, "error": false}, "iperf": {"iperf_udp_upload": 955.8755858559863, "iperf_udp_upload_jitter_ms": 0.04979986453209935, "iperf_udp_download_i0": 943.8858036484785, "iperf_udp_download_i1": 954.0862686539733, "iperf_udp_download_i2": 956.8140798262045, "iperf_udp_download_i3": 956.7593408291433, "iperf_udp_download_i4": 956.7194131163959, "iperf_udp_download": 953.6529747212336, "iperf_udp_download_jitter_ms": 0.0627773711838219, "error": false}, "test_bytes_consumed": 6469159260}}