{"Meta": {"Id": null, "Time": 1696061429.673698, "Extended": {"gitlog": "", "dataver": "1", "debhash": "0", "Annotation": null}}, "Measurements": {"total_bytes_consumed": 1385196798595, "ipquery": {"ipv4": "18.224.54.214"}, "ping_latency": {"google_packet_loss_pct": 0.0, "google_rtt_min_ms": 18.11, "google_rtt_max_ms": 18.176, "google_rtt_avg_ms": 18.14, "google_rtt_mdev_ms": 0.018, "error": false}, "iperf": {"iperf_udp_upload": 955.8063498711103, "iperf_udp_upload_jitter_ms": 0.056234899775343336, "iperf_udp_download_i0": 941.7692026873614, "iperf_udp_download_i1": 956.5794983478647, "iperf_udp_download_i2": 956.7573025828244, "iperf_udp_download_i3": 956.7711778975028, "iperf_udp_download_i4": 956.8434151544658, "iperf_udp_download": 953.743986596885, "iperf_udp_download_jitter_ms": 0.0708617552540003, "error": false}, "test_bytes_consumed": 6156049120}}