{"Meta": {"Id": null, "Time": 1695802229.66445, "Extended": {"gitlog": "", "dataver": "1", "debhash": "0", "Annotation": null}}, "Measurements": {"total_bytes_consumed": 1104299196394, "ipquery": {"ipv4": "18.224.54.214"}, "ping_latency": {"google_packet_loss_pct": 0.0, "google_rtt_min_ms": 16.78, "google_rtt_max_ms": 16.852, "google_rtt_avg_ms": 16.827, "google_rtt_mdev_ms": 0.021, "error": false}, "iperf": {"iperf_udp_upload": 956.0733331046669, "iperf_udp_upload_jitter_ms": 0.07196313887131885, "iperf_udp_download_i0": 943.8334591669824, "iperf_udp_download_i1": 956.9071442581939, "iperf_udp_download_i2": 956.663268030336, "iperf_udp_download_i3": 956.7206409512214, "iperf_udp_download_i4": 956.8933660217035, "iperf_udp_download": 954.2035087523446, "iperf_udp_download_jitter_ms": 0.07124679712721207, "error": false}, "test_bytes_consumed": 6175115260}}