{"Meta": {"Id": null, "Time": 1697069430.020192, "Extended": {"gitlog": "", "dataver": "1", "debhash": "0", "Annotation": null}}, "Measurements": {"total_bytes_consumed": 496146782986, "ipquery": {"ipv4": "18.224.54.214"}, "ping_latency": {"google_packet_loss_pct": 0.0, "google_rtt_min_ms": 17.304, "google_rtt_max_ms": 17.38, "google_rtt_avg_ms": 17.343, "google_rtt_mdev_ms": 0.022, "error": false}, "iperf": {"iperf_udp_upload": 955.870292542678, "iperf_udp_upload_jitter_ms": 0.057131971524068, "iperf_udp_download_i0": 941.4626239758393, "iperf_udp_download_i1": 956.718534619722, "iperf_udp_download_i2": 954.5022471770454, "iperf_udp_download_i3": 956.7098335041221, "iperf_udp_download_i4": 956.71703172747, "iperf_udp_download": 953.2218761004843, "iperf_udp_download_jitter_ms": 0.08470044031692547, "error": false}, "test_bytes_consumed": 6462368800}}