{"Meta": {"Id": null, "Time": 1695946229.37636, "Extended": {"gitlog": "", "dataver": "1", "debhash": "0", "Annotation": null}}, "Measurements": {"total_bytes_consumed": 1304358805525, "ipquery": {"ipv4": "18.224.54.214"}, "ping_latency": {"google_packet_loss_pct": 0.0, "google_rtt_min_ms": 16.663, "google_rtt_max_ms": 16.717, "google_rtt_avg_ms": 16.682, "google_rtt_mdev_ms": 0.014, "error": false}, "iperf": {"iperf_udp_upload": 955.9722908193963, "iperf_udp_upload_jitter_ms": 0.04656087620062577, "iperf_udp_download_i0": 943.3151535552988, "iperf_udp_download_i1": 956.6340923271175, "iperf_udp_download_i2": 956.8807161563831, "iperf_udp_download_i3": 956.7999239665282, "iperf_udp_download_i4": 956.6625173451342, "iperf_udp_download": 954.058379159266, "iperf_udp_download_jitter_ms": 0.07282213129652038, "error": false}, "test_bytes_consumed": 6192086300}}