{"Meta": {"Id": null, "Time": 1695413429.393301, "Extended": {"gitlog": "", "dataver": "1", "debhash": "0", "Annotation": null}}, "Measurements": {"total_bytes_consumed": 473905422279, "ipquery": {"ipv4": "18.224.54.214"}, "ping_latency": {"google_packet_loss_pct": 0.0, "google_rtt_min_ms": 16.994, "google_rtt_max_ms": 17.159, "google_rtt_avg_ms": 17.06, "google_rtt_mdev_ms": 0.042, "error": false}, "iperf": {"iperf_udp_upload": 955.9437704337378, "iperf_udp_upload_jitter_ms": 0.0440114083464862, "iperf_udp_download_i0": 944.5692988049867, "iperf_udp_download_i1": 956.7817314317615, "iperf_udp_download_i2": 956.77888, "iperf_udp_download_i3": 956.7723647942388, "iperf_udp_download_i4": 956.7541767785654, "iperf_udp_download": 954.3311578746928, "iperf_udp_download_jitter_ms": 0.08014274760083452, "error": false}, "test_bytes_consumed": 6258548420}}