{"Meta": {"Id": null, "Time": 1695903030.093254, "Extended": {"gitlog": "", "dataver": "1", "debhash": "0", "Annotation": null}}, "Measurements": {"total_bytes_consumed": 1251110666880, "ipquery": {"ipv4": "18.224.54.214"}, "ping_latency": {"google_packet_loss_pct": 0.0, "google_rtt_min_ms": 16.767, "google_rtt_max_ms": 16.827, "google_rtt_avg_ms": 16.798, "google_rtt_mdev_ms": 0.019, "error": false}, "iperf": {"iperf_udp_upload": 955.961492038508, "iperf_udp_upload_jitter_ms": 0.05856718301477995, "iperf_udp_download_i0": 943.4733631861268, "iperf_udp_download_i1": 956.87232, "iperf_udp_download_i2": 956.7269910938119, "iperf_udp_download_i3": 956.7453484376191, "iperf_udp_download_i4": 956.7836108232058, "iperf_udp_download": 954.12016373631, "iperf_udp_download_jitter_ms": 0.07678036356769066, "error": false}, "test_bytes_consumed": 6569467100}}