{"Meta": {"Id": null, "Time": 1696565505.022775, "Extended": {"gitlog": "", "dataver": "1", "debhash": "0", "Annotation": null}}, "Measurements": {"total_bytes_consumed": 267655315999, "ipquery": {"ipv4": "18.224.54.214"}, "ping_latency": {"google_packet_loss_pct": 0.0, "google_rtt_min_ms": 16.539, "google_rtt_max_ms": 16.592, "google_rtt_avg_ms": 16.563, "google_rtt_mdev_ms": 0.013, "error": false}, "iperf": {"iperf_udp_upload": 955.9319574918575, "iperf_udp_upload_jitter_ms": 0.044157576324797, "iperf_udp_download_i0": 943.2514573915125, "iperf_udp_download_i1": 953.4121910577187, "iperf_udp_download_i2": 956.7534249324857, "iperf_udp_download_i3": 956.7369501811489, "iperf_udp_download_i4": 956.5026003923051, "iperf_udp_download": 953.3312315705903, "iperf_udp_download_jitter_ms": 0.07175656126899055, "error": false}, "test_bytes_consumed": 6321143000}}