{"Meta": {"Id": null, "Time": 1695269430.085375, "Extended": {"gitlog": "", "dataver": "1", "debhash": "0", "Annotation": null}}, "Measurements": {"total_bytes_consumed": 235722506508, "ipquery": {"ipv4": "18.224.54.214"}, "ping_latency": {"google_packet_loss_pct": 0.0, "google_rtt_min_ms": 18.848, "google_rtt_max_ms": 18.9, "google_rtt_avg_ms": 18.875, "google_rtt_mdev_ms": 0.016, "error": false}, "iperf": {"iperf_udp_upload": 956.0124911900069, "iperf_udp_upload_jitter_ms": 0.05675083380420843, "iperf_udp_download_i0": 943.4939961235432, "iperf_udp_download_i1": 956.7345400552132, "iperf_udp_download_i2": 956.7522334607089, "iperf_udp_download_i3": 956.3855793365226, "iperf_udp_download_i4": 956.7920647534984, "iperf_udp_download": 954.031689401782, "iperf_udp_download_jitter_ms": 0.0773641443062053, "error": false}, "test_bytes_consumed": 6191695020}}