{"Meta": {"Id": null, "Time": 1695327029.315231, "Extended": {"gitlog": "", "dataver": "1", "debhash": "0", "Annotation": null}}, "Measurements": {"total_bytes_consumed": 349836505882, "ipquery": {"ipv4": "18.224.54.214"}, "ping_latency": {"google_packet_loss_pct": 0.0, "google_rtt_min_ms": 17.616, "google_rtt_max_ms": 17.944, "google_rtt_avg_ms": 17.692, "google_rtt_mdev_ms": 0.103, "error": false}, "iperf": {"iperf_udp_upload": 955.9674276293149, "iperf_udp_upload_jitter_ms": 0.03161292034931805, "iperf_udp_download_i0": 942.7726080452394, "iperf_udp_download_i1": 956.672847645676, "iperf_udp_download_i2": 955.7851684922329, "iperf_udp_download_i3": 956.699058806057, "iperf_udp_download_i4": 956.7254310170233, "iperf_udp_download": 953.7308864638137, "iperf_udp_download_jitter_ms": 0.07027694129969586, "error": false}, "test_bytes_consumed": 6231287300}}