{"Meta": {"Id": null, "Time": 1695672629.582738, "Extended": {"gitlog": "", "dataver": "1", "debhash": "0", "Annotation": null}}, "Measurements": {"total_bytes_consumed": 885018479289, "ipquery": {"ipv4": "18.224.54.214"}, "ping_latency": {"google_packet_loss_pct": 0.0, "google_rtt_min_ms": 16.818, "google_rtt_max_ms": 16.984, "google_rtt_avg_ms": 16.854, "google_rtt_mdev_ms": 0.047, "error": false}, "iperf": {"iperf_udp_upload": 956.1809699095148, "iperf_udp_upload_jitter_ms": 0.0775833483836634, "iperf_udp_download_i0": 944.6807497999118, "iperf_udp_download_i1": 956.7966382866217, "iperf_udp_download_i2": 956.5084349631618, "iperf_udp_download_i3": 956.7886187552886, "iperf_udp_download_i4": 956.6631163053916, "iperf_udp_download": 954.2874267444093, "iperf_udp_download_jitter_ms": 0.06825654976141947, "error": false}, "test_bytes_consumed": 6141038860}}