{"Meta": {"Id": null, "Time": 1697314232.05485, "Extended": {"gitlog": "", "dataver": "1", "debhash": "0", "Annotation": null}}, "Measurements": {"total_bytes_consumed": 1605680017597, "ipquery": {"ipv4": "3.71.100.200"}, "ping_latency": {"google_packet_loss_pct": 0.0, "google_rtt_min_ms": 0.604, "google_rtt_max_ms": 0.697, "google_rtt_avg_ms": 0.654, "google_rtt_mdev_ms": 0.025, "error": false}, "iperf": {"iperf_udp_upload": 949.366173725453, "iperf_udp_upload_jitter_ms": 0.033874873965726866, "iperf_udp_download_i0": 855.7246417488026, "iperf_udp_download_i1": 955.9873192837131, "iperf_udp_download_i2": 956.082000496817, "iperf_udp_download_i3": 948.8384028759824, "iperf_udp_download_i4": 955.9760929076853, "iperf_udp_download": 934.5214957023674, "iperf_udp_download_jitter_ms": 0.07289776563123754, "error": false}, "test_bytes_consumed": 3083739000}}