{"Meta": {"Id": null, "Time": 1695831098.946301, "Extended": {"gitlog": "", "dataver": "1", "debhash": "0", "Annotation": null}}, "Measurements": {"total_bytes_consumed": 795929781010, "ipquery": {"ipv4": "3.71.100.200"}, "ping_latency": {"google_packet_loss_pct": 0.0, "google_rtt_min_ms": 0.325, "google_rtt_max_ms": 0.385, "google_rtt_avg_ms": 0.368, "google_rtt_mdev_ms": 0.016, "error": false}, "iperf": {"iperf_udp_upload": 950.7519862176509, "iperf_udp_upload_jitter_ms": 0.0278239941115147, "iperf_udp_download_i0": 863.6898165646232, "iperf_udp_download_i1": 955.9380903732385, "iperf_udp_download_i2": 956.4301968053013, "iperf_udp_download_i3": 954.3117824064334, "iperf_udp_download_i4": 956.132268614541, "iperf_udp_download": 937.2992449066239, "iperf_udp_download_jitter_ms": 0.0730529804766553, "error": false}, "test_bytes_consumed": 3085450120}}