{"Meta": {"Id": null, "Time": 1696767065.010051, "Extended": {"gitlog": "", "dataver": "1", "debhash": "0", "Annotation": null}}, "Measurements": {"total_bytes_consumed": 888314828223, "ipquery": {"ipv4": "3.71.100.200"}, "ping_latency": {"google_packet_loss_pct": 0.0, "google_rtt_min_ms": 0.602, "google_rtt_max_ms": 0.689, "google_rtt_avg_ms": 0.654, "google_rtt_mdev_ms": 0.023, "error": false}, "iperf": {"iperf_udp_upload": 948.5110916578517, "iperf_udp_upload_jitter_ms": 0.024590194588402912, "iperf_udp_download_i0": 839.3072168601948, "iperf_udp_download_i1": 955.8113770071184, "iperf_udp_download_i2": 955.5659985365411, "iperf_udp_download_i3": 954.9603745798056, "iperf_udp_download_i4": 955.7736608562001, "iperf_udp_download": 932.2837925477596, "iperf_udp_download_jitter_ms": 0.0685842434906032, "error": false}, "test_bytes_consumed": 3082325720}}