{"Meta": {"Id": null, "Time": 1697227832.475719, "Extended": {"gitlog": "", "dataver": "1", "debhash": "0", "Annotation": null}}, "Measurements": {"total_bytes_consumed": 1482937994500, "ipquery": {"ipv4": "3.71.100.200"}, "ping_latency": {"google_packet_loss_pct": 0.0, "google_rtt_min_ms": 0.601, "google_rtt_max_ms": 0.691, "google_rtt_avg_ms": 0.655, "google_rtt_mdev_ms": 0.026, "error": false}, "iperf": {"iperf_udp_upload": 949.5759570053526, "iperf_udp_upload_jitter_ms": 0.03135183163660315, "iperf_udp_download_i0": 864.5182165966296, "iperf_udp_download_i1": 952.307369906045, "iperf_udp_download_i2": 955.8583807339023, "iperf_udp_download_i3": 955.800327020788, "iperf_udp_download_i4": 949.362329546308, "iperf_udp_download": 935.5683649189308, "iperf_udp_download_jitter_ms": 0.0621377200103538, "error": false}, "test_bytes_consumed": 3084363880}}