{"Meta": {"Id": null, "Time": 1695816631.674433, "Extended": {"gitlog": "", "dataver": "1", "debhash": "0", "Annotation": null}}, "Measurements": {"total_bytes_consumed": 772791415165, "ipquery": {"ipv4": "3.71.100.200"}, "ping_latency": {"google_packet_loss_pct": 0.0, "google_rtt_min_ms": 0.591, "google_rtt_max_ms": 0.736, "google_rtt_avg_ms": 0.667, "google_rtt_mdev_ms": 0.034, "error": false}, "iperf": {"iperf_udp_upload": 951.1748482118039, "iperf_udp_upload_jitter_ms": 0.03481448790340714, "iperf_udp_download_i0": 868.9288100826069, "iperf_udp_download_i1": 956.5059115854207, "iperf_udp_download_i2": 956.9944517811183, "iperf_udp_download_i3": 951.7114448635114, "iperf_udp_download_i4": 952.297771822842, "iperf_udp_download": 937.2876246594996, "iperf_udp_download_jitter_ms": 0.05224741538410761, "error": false}, "test_bytes_consumed": 3085455960}}