{"Meta": {"Id": null, "Time": 1696579831.975892, "Extended": {"gitlog": "", "dataver": "1", "debhash": "0", "Annotation": null}}, "Measurements": {"total_bytes_consumed": 620553601970, "ipquery": {"ipv4": "3.71.100.200"}, "ping_latency": {"google_packet_loss_pct": 0.0, "google_rtt_min_ms": 0.609, "google_rtt_max_ms": 0.668, "google_rtt_avg_ms": 0.648, "google_rtt_mdev_ms": 0.015, "error": false}, "iperf": {"iperf_udp_upload": 952.0578053861201, "iperf_udp_upload_jitter_ms": 0.027818875131501407, "iperf_udp_download_i0": 860.1410774403184, "iperf_udp_download_i1": 956.5951273730858, "iperf_udp_download_i2": 956.3410197633233, "iperf_udp_download_i3": 955.6080320661351, "iperf_udp_download_i4": 956.7085747365697, "iperf_udp_download": 937.077548812244, "iperf_udp_download_jitter_ms": 0.0625352977834975, "error": false}, "test_bytes_consumed": 3085311420}}