{"Meta": {"Id": null, "Time": 1696234231.934062, "Extended": {"gitlog": "", "dataver": "1", "debhash": "0", "Annotation": null}}, "Measurements": {"total_bytes_consumed": 151623354159, "ipquery": {"ipv4": "3.71.100.200"}, "ping_latency": {"google_packet_loss_pct": 0.0, "google_rtt_min_ms": 0.318, "google_rtt_max_ms": 0.424, "google_rtt_avg_ms": 0.371, "google_rtt_mdev_ms": 0.025, "error": false}, "iperf": {"iperf_udp_upload": 951.7262979221786, "iperf_udp_upload_jitter_ms": 0.05039325851265106, "iperf_udp_download_i0": 856.7757197788291, "iperf_udp_download_i1": 956.6630493665409, "iperf_udp_download_i2": 956.6027677125094, "iperf_udp_download_i3": 955.4132881001841, "iperf_udp_download_i4": 956.7721506884276, "iperf_udp_download": 936.4443521372111, "iperf_udp_download_jitter_ms": 0.062666421110428, "error": false}, "test_bytes_consumed": 3084928900}}