{"Meta": {"Id": null, "Time": 1696738231.878108, "Extended": {"gitlog": "", "dataver": "1", "debhash": "0", "Annotation": null}}, "Measurements": {"total_bytes_consumed": 846254660014, "ipquery": {"ipv4": "3.71.100.200"}, "ping_latency": {"google_packet_loss_pct": 0.0, "google_rtt_min_ms": 0.281, "google_rtt_max_ms": 0.356, "google_rtt_avg_ms": 0.322, "google_rtt_mdev_ms": 0.02, "error": false}, "iperf": {"iperf_udp_upload": 949.8019308318904, "iperf_udp_upload_jitter_ms": 0.02093593616835444, "iperf_udp_download_i0": 862.1840196891751, "iperf_udp_download_i1": 955.4767049150412, "iperf_udp_download_i2": 955.8590086818334, "iperf_udp_download_i3": 955.3075202153095, "iperf_udp_download_i4": 955.0315898528271, "iperf_udp_download": 936.7708178475823, "iperf_udp_download_jitter_ms": 0.0688947152004788, "error": false}, "test_bytes_consumed": 3085074900}}