{"Meta": {"Id": null, "Time": 1695917431.986757, "Extended": {"gitlog": "", "dataver": "1", "debhash": "0", "Annotation": null}}, "Measurements": {"total_bytes_consumed": 905144429009, "ipquery": {"ipv4": "3.71.100.200"}, "ping_latency": {"google_packet_loss_pct": 0.0, "google_rtt_min_ms": 0.286, "google_rtt_max_ms": 0.357, "google_rtt_avg_ms": 0.327, "google_rtt_mdev_ms": 0.017, "error": false}, "iperf": {"iperf_udp_upload": 951.3075584235456, "iperf_udp_upload_jitter_ms": 0.029136428733189994, "iperf_udp_download_i0": 864.568748527128, "iperf_udp_download_i1": 952.8250755982815, "iperf_udp_download_i2": 954.5127155716605, "iperf_udp_download_i3": 951.8716837821814, "iperf_udp_download_i4": 956.0962591011485, "iperf_udp_download": 935.9746363811676, "iperf_udp_download_jitter_ms": 0.05710735869890922, "error": false}, "test_bytes_consumed": 3084685080}}