{"Meta": {"Id": null, "Time": 1697155832.705471, "Extended": {"gitlog": "", "dataver": "1", "debhash": "0", "Annotation": null}}, "Measurements": {"total_bytes_consumed": 1377669770480, "ipquery": {"ipv4": "3.71.100.200"}, "ping_latency": {"google_packet_loss_pct": 0.0, "google_rtt_min_ms": 0.632, "google_rtt_max_ms": 0.695, "google_rtt_avg_ms": 0.665, "google_rtt_mdev_ms": 0.021, "error": false}, "iperf": {"iperf_udp_upload": 948.8665712137727, "iperf_udp_upload_jitter_ms": 0.0284787540622245, "iperf_udp_download_i0": 860.584888606323, "iperf_udp_download_i1": 955.9698840170481, "iperf_udp_download_i2": 938.7570172357343, "iperf_udp_download_i3": 955.8454485380832, "iperf_udp_download_i4": 956.0023017822398, "iperf_udp_download": 933.4309561063267, "iperf_udp_download_jitter_ms": 0.0729386953963946, "error": false}, "test_bytes_consumed": 3083051340}}