{"Meta": {"Id": null, "Time": 1696911065.627263, "Extended": {"gitlog": "", "dataver": "1", "debhash": "0", "Annotation": null}}, "Measurements": {"total_bytes_consumed": 1077961635887, "ipquery": {"ipv4": "3.71.100.200"}, "ping_latency": {"google_packet_loss_pct": 0.0, "google_rtt_min_ms": 0.532, "google_rtt_max_ms": 0.62, "google_rtt_avg_ms": 0.595, "google_rtt_mdev_ms": 0.023, "error": false}, "iperf": {"iperf_udp_upload": 949.5785874020517, "iperf_udp_upload_jitter_ms": 0.03905183561855252, "iperf_udp_download_i0": 863.6737333522444, "iperf_udp_download_i1": 955.5384165533947, "iperf_udp_download_i2": 946.4067077010372, "iperf_udp_download_i3": 955.7693208198652, "iperf_udp_download_i4": 955.3324095078581, "iperf_udp_download": 935.3439337115939, "iperf_udp_download_jitter_ms": 0.07361187852206737, "error": false}, "test_bytes_consumed": 3084250000}}