{"Meta": {"Id": null, "Time": 1695384668.028094, "Extended": {"gitlog": "", "dataver": "1", "debhash": "0", "Annotation": null}}, "Measurements": {"total_bytes_consumed": 193891996199, "ipquery": {"ipv4": "3.71.100.200"}, "ping_latency": {"google_packet_loss_pct": 0.0, "google_rtt_min_ms": 0.584, "google_rtt_max_ms": 0.776, "google_rtt_avg_ms": 0.646, "google_rtt_mdev_ms": 0.048, "error": false}, "iperf": {"iperf_udp_upload": 950.5363009084266, "iperf_udp_upload_jitter_ms": 0.02234149017355305, "iperf_udp_download_i0": 863.4120883397391, "iperf_udp_download_i1": 956.7896475342869, "iperf_udp_download_i2": 956.5910877236483, "iperf_udp_download_i3": 956.79056, "iperf_udp_download_i4": 956.1736252786013, "iperf_udp_download": 937.9504910987523, "iperf_udp_download_jitter_ms": 0.0651904976108638, "error": false}, "test_bytes_consumed": 3085450120}}