{"Meta": {"Id": null, "Time": 1695543066.00752, "Extended": {"gitlog": "", "dataver": "1", "debhash": "0", "Annotation": null}}, "Measurements": {"total_bytes_consumed": 409160565229, "ipquery": {"ipv4": "3.71.100.200"}, "ping_latency": {"google_packet_loss_pct": 0.0, "google_rtt_min_ms": 1.018, "google_rtt_max_ms": 2.339, "google_rtt_avg_ms": 1.185, "google_rtt_mdev_ms": 0.385, "error": false}, "iperf": {"iperf_udp_upload": 947.2317419657292, "iperf_udp_upload_jitter_ms": 0.022310770767609612, "iperf_udp_download_i0": 864.1651869048634, "iperf_udp_download_i1": 956.582583796911, "iperf_udp_download_i2": 956.8130075120091, "iperf_udp_download_i3": 956.4878491890142, "iperf_udp_download_i4": 956.0479483179031, "iperf_udp_download": 938.0185524074432, "iperf_udp_download_jitter_ms": 0.0685678340162223, "error": false}, "test_bytes_consumed": 3085911480}}