{"Meta": {"Id": null, "Time": 1697271032.208738, "Extended": {"gitlog": "", "dataver": "1", "debhash": "0", "Annotation": null}}, "Measurements": {"total_bytes_consumed": 1544415339450, "ipquery": {"ipv4": "3.71.100.200"}, "ping_latency": {"google_packet_loss_pct": 0.0, "google_rtt_min_ms": 0.574, "google_rtt_max_ms": 0.796, "google_rtt_avg_ms": 0.645, "google_rtt_mdev_ms": 0.055, "error": false}, "iperf": {"iperf_udp_upload": 949.7553393440792, "iperf_udp_upload_jitter_ms": 0.029644032239953873, "iperf_udp_download_i0": 863.0777063161072, "iperf_udp_download_i1": 956.0378579907167, "iperf_udp_download_i2": 955.9017405939824, "iperf_udp_download_i3": 948.1835679775846, "iperf_udp_download_i4": 956.0311337631207, "iperf_udp_download": 935.8459767151745, "iperf_udp_download_jitter_ms": 0.07898046381019583, "error": false}, "test_bytes_consumed": 3084525940}}