{"Meta": {"Id": null, "Time": 1697343096.975055, "Extended": {"gitlog": "", "dataver": "1", "debhash": "0", "Annotation": null}}, "Measurements": {"total_bytes_consumed": 1643336468425, "ipquery": {"ipv4": "3.71.100.200"}, "ping_latency": {"google_packet_loss_pct": 0.0, "google_rtt_min_ms": 0.224, "google_rtt_max_ms": 0.313, "google_rtt_avg_ms": 0.28, "google_rtt_mdev_ms": 0.021, "error": false}, "iperf": {"iperf_udp_upload": 949.3544793884262, "iperf_udp_upload_jitter_ms": 0.027242071266980885, "iperf_udp_download_i0": 854.5458041317977, "iperf_udp_download_i1": 955.6609094361804, "iperf_udp_download_i2": 956.0485694504818, "iperf_udp_download_i3": 955.6720577180428, "iperf_udp_download_i4": 955.74449783513, "iperf_udp_download": 935.5333254301995, "iperf_udp_download_jitter_ms": 0.07057716504928052, "error": false}, "test_bytes_consumed": 3084371180}}