{"Meta": {"Id": null, "Time": 1696493432.174308, "Extended": {"gitlog": "", "dataver": "1", "debhash": "0", "Annotation": null}}, "Measurements": {"total_bytes_consumed": 496487039321, "ipquery": {"ipv4": "3.71.100.200"}, "ping_latency": {"google_packet_loss_pct": 0.0, "google_rtt_min_ms": 0.587, "google_rtt_max_ms": 0.663, "google_rtt_avg_ms": 0.632, "google_rtt_mdev_ms": 0.019, "error": false}, "iperf": {"iperf_udp_upload": 951.5574619710101, "iperf_udp_upload_jitter_ms": 0.03790599173322424, "iperf_udp_download_i0": 868.8771498658804, "iperf_udp_download_i1": 956.6969017393764, "iperf_udp_download_i2": 956.7888359273068, "iperf_udp_download_i3": 956.3428438316668, "iperf_udp_download_i4": 956.7409938535953, "iperf_udp_download": 939.0884640498768, "iperf_udp_download_jitter_ms": 0.05566781875774525, "error": false}, "test_bytes_consumed": 3086593300}}