{"Meta": {"Id": null, "Time": 1697199032.384199, "Extended": {"gitlog": "", "dataver": "1", "debhash": "0", "Annotation": null}}, "Measurements": {"total_bytes_consumed": 1445058810570, "ipquery": {"ipv4": "3.71.100.200"}, "ping_latency": {"google_packet_loss_pct": 0.0, "google_rtt_min_ms": 0.626, "google_rtt_max_ms": 0.684, "google_rtt_avg_ms": 0.651, "google_rtt_mdev_ms": 0.018, "error": false}, "iperf": {"iperf_udp_upload": 948.182425906113, "iperf_udp_upload_jitter_ms": 0.028371837406038814, "iperf_udp_download_i0": 866.1718475215732, "iperf_udp_download_i1": 956.0877773996226, "iperf_udp_download_i2": 956.0359204917086, "iperf_udp_download_i3": 946.0481027647197, "iperf_udp_download_i4": 956.0453156456716, "iperf_udp_download": 936.0759276735835, "iperf_udp_download_jitter_ms": 0.07356568141897907, "error": false}, "test_bytes_consumed": 3084734720}}