{"Meta": {"Id": null, "Time": 1696709431.933079, "Extended": {"gitlog": "", "dataver": "1", "debhash": "0", "Annotation": null}}, "Measurements": {"total_bytes_consumed": 806257821532, "ipquery": {"ipv4": "3.71.100.200"}, "ping_latency": {"google_packet_loss_pct": 0.0, "google_rtt_min_ms": 0.61, "google_rtt_max_ms": 0.665, "google_rtt_avg_ms": 0.65, "google_rtt_mdev_ms": 0.017, "error": false}, "iperf": {"iperf_udp_upload": 950.4811062680176, "iperf_udp_upload_jitter_ms": 0.043699356037029444, "iperf_udp_download_i0": 857.7390474768765, "iperf_udp_download_i1": 955.3222882955996, "iperf_udp_download_i2": 956.2509518923739, "iperf_udp_download_i3": 954.942102172192, "iperf_udp_download_i4": 948.6892394018347, "iperf_udp_download": 934.5888376120612, "iperf_udp_download_jitter_ms": 0.0723968184689775, "error": false}, "test_bytes_consumed": 3083775500}}