{"Meta": {"Id": null, "Time": 1695960632.078013, "Extended": {"gitlog": "", "dataver": "1", "debhash": "0", "Annotation": null}}, "Measurements": {"total_bytes_consumed": 967443289145, "ipquery": {"ipv4": "3.71.100.200"}, "ping_latency": {"google_packet_loss_pct": 0.0, "google_rtt_min_ms": 0.588, "google_rtt_max_ms": 0.688, "google_rtt_avg_ms": 0.613, "google_rtt_mdev_ms": 0.027, "error": false}, "iperf": {"iperf_udp_upload": 951.4371058473284, "iperf_udp_upload_jitter_ms": 0.02084031766855765, "iperf_udp_download_i0": 865.0463587487891, "iperf_udp_download_i1": 956.7769410361102, "iperf_udp_download_i2": 956.7448094493866, "iperf_udp_download_i3": 956.6611676568149, "iperf_udp_download_i4": 956.8792123788141, "iperf_udp_download": 938.42054480743, "iperf_udp_download_jitter_ms": 0.07450867231809706, "error": false}, "test_bytes_consumed": 3086203480}}