{"Meta": {"Id": null, "Time": 1695888664.407255, "Extended": {"gitlog": "", "dataver": "1", "debhash": "0", "Annotation": null}}, "Measurements": {"total_bytes_consumed": 868093386186, "ipquery": {"ipv4": "3.71.100.200"}, "ping_latency": {"google_packet_loss_pct": 0.0, "google_rtt_min_ms": 0.595, "google_rtt_max_ms": 0.659, "google_rtt_avg_ms": 0.617, "google_rtt_mdev_ms": 0.019, "error": false}, "iperf": {"iperf_udp_upload": 951.8870708959897, "iperf_udp_upload_jitter_ms": 0.018799510651437753, "iperf_udp_download_i0": 860.6044359377988, "iperf_udp_download_i1": 947.0039832486757, "iperf_udp_download_i2": 956.7293146012472, "iperf_udp_download_i3": 956.79056, "iperf_udp_download_i4": 952.9485424347407, "iperf_udp_download": 934.8142156700633, "iperf_udp_download_jitter_ms": 0.08064078035157755, "error": false}, "test_bytes_consumed": 3083956540}}