{"Meta": {"Id": null, "Time": 1696623031.703582, "Extended": {"gitlog": "", "dataver": "1", "debhash": "0", "Annotation": null}}, "Measurements": {"total_bytes_consumed": 684135838963, "ipquery": {"ipv4": "3.71.100.200"}, "ping_latency": {"google_packet_loss_pct": 0.0, "google_rtt_min_ms": 0.94, "google_rtt_max_ms": 0.976, "google_rtt_avg_ms": 0.958, "google_rtt_mdev_ms": 0.012, "error": false}, "iperf": {"iperf_udp_upload": 950.6917529562869, "iperf_udp_upload_jitter_ms": 0.026310824227879247, "iperf_udp_download_i0": 868.1154121697263, "iperf_udp_download_i1": 956.7233250153271, "iperf_udp_download_i2": 955.7403284315671, "iperf_udp_download_i3": 944.3779566031045, "iperf_udp_download_i4": 956.2227305105284, "iperf_udp_download": 936.2349008195426, "iperf_udp_download_jitter_ms": 0.06505557221456028, "error": false}, "test_bytes_consumed": 3084782900}}