{"Meta": {"Id": null, "Time": 1696003831.823284, "Extended": {"gitlog": "", "dataver": "1", "debhash": "0", "Annotation": null}}, "Measurements": {"total_bytes_consumed": 1021094311855, "ipquery": {"ipv4": "3.71.100.200"}, "ping_latency": {"google_packet_loss_pct": 0.0, "google_rtt_min_ms": 0.799, "google_rtt_max_ms": 0.859, "google_rtt_avg_ms": 0.832, "google_rtt_mdev_ms": 0.017, "error": false}, "iperf": {"iperf_udp_upload": 951.1284270427133, "iperf_udp_upload_jitter_ms": 0.033188733750948066, "iperf_udp_download_i0": 858.1313273368662, "iperf_udp_download_i1": 956.1784126153315, "iperf_udp_download_i2": 956.4104342716097, "iperf_udp_download_i3": 939.7811478938413, "iperf_udp_download_i4": 956.4042079018708, "iperf_udp_download": 933.3800216655106, "iperf_udp_download_jitter_ms": 0.07708893763162174, "error": false}, "test_bytes_consumed": 3083052800}}