{"Meta": {"Id": null, "Time": 1696752631.853838, "Extended": {"gitlog": "", "dataver": "1", "debhash": "0", "Annotation": null}}, "Measurements": {"total_bytes_consumed": 863905549916, "ipquery": {"ipv4": "3.71.100.200"}, "ping_latency": {"google_packet_loss_pct": 0.0, "google_rtt_min_ms": 0.561, "google_rtt_max_ms": 0.643, "google_rtt_avg_ms": 0.593, "google_rtt_mdev_ms": 0.022, "error": false}, "iperf": {"iperf_udp_upload": 948.346182190253, "iperf_udp_upload_jitter_ms": 0.03364698580187114, "iperf_udp_download_i0": 864.1776904989207, "iperf_udp_download_i1": 955.6014854337782, "iperf_udp_download_i2": 955.7121263880375, "iperf_udp_download_i3": 955.3577352318156, "iperf_udp_download_i4": 955.4183390542827, "iperf_udp_download": 937.2527716723821, "iperf_udp_download_jitter_ms": 0.07561333901649132, "error": false}, "test_bytes_consumed": 3085463260}}