{"Meta": {"Id": null, "Time": 1696047031.886015, "Extended": {"gitlog": "", "dataver": "1", "debhash": "0", "Annotation": null}}, "Measurements": {"total_bytes_consumed": 1079916429568, "ipquery": {"ipv4": "3.71.100.200"}, "ping_latency": {"google_packet_loss_pct": 0.0, "google_rtt_min_ms": 0.261, "google_rtt_max_ms": 0.42, "google_rtt_avg_ms": 0.321, "google_rtt_mdev_ms": 0.039, "error": false}, "iperf": {"iperf_udp_upload": 951.7255711663225, "iperf_udp_upload_jitter_ms": 0.029262979430915975, "iperf_udp_download_i0": 865.7111467508388, "iperf_udp_download_i1": 956.4187382379711, "iperf_udp_download_i2": 954.4187984610281, "iperf_udp_download_i3": 947.4475221194331, "iperf_udp_download_i4": 956.4874852975369, "iperf_udp_download": 936.0958244738997, "iperf_udp_download_jitter_ms": 0.0693469314130489, "error": false}, "test_bytes_consumed": 3084701140}}