{"Meta": {"Id": null, "Time": 1695629432.347159, "Extended": {"gitlog": "", "dataver": "1", "debhash": "0", "Annotation": null}}, "Measurements": {"total_bytes_consumed": 535631398246, "ipquery": {"ipv4": "3.71.100.200"}, "ping_latency": {"google_packet_loss_pct": 0.0, "google_rtt_min_ms": 0.335, "google_rtt_max_ms": 0.388, "google_rtt_avg_ms": 0.36, "google_rtt_mdev_ms": 0.016, "error": false}, "iperf": {"iperf_udp_upload": 950.6713130462223, "iperf_udp_upload_jitter_ms": 0.043993649660132854, "iperf_udp_download_i0": 865.0990536533184, "iperf_udp_download_i1": 956.555477881778, "iperf_udp_download_i2": 956.4952680693603, "iperf_udp_download_i3": 953.8870159121259, "iperf_udp_download_i4": 951.0657750225832, "iperf_udp_download": 936.6207466936831, "iperf_udp_download_jitter_ms": 0.07213998512204976, "error": false}, "test_bytes_consumed": 3085016500}}