{"Meta": {"Id": null, "Time": 1695687031.729489, "Extended": {"gitlog": "", "dataver": "1", "debhash": "0", "Annotation": null}}, "Measurements": {"total_bytes_consumed": 604013705782, "ipquery": {"ipv4": "3.71.100.200"}, "ping_latency": {"google_packet_loss_pct": 0.0, "google_rtt_min_ms": 0.314, "google_rtt_max_ms": 0.372, "google_rtt_avg_ms": 0.341, "google_rtt_mdev_ms": 0.013, "error": false}, "iperf": {"iperf_udp_upload": 951.4742274814399, "iperf_udp_upload_jitter_ms": 0.03536203991925982, "iperf_udp_download_i0": 862.4652464412368, "iperf_udp_download_i1": 956.7453435393251, "iperf_udp_download_i2": 956.8366865974588, "iperf_udp_download_i3": 950.1904538277685, "iperf_udp_download_i4": 956.6126713232676, "iperf_udp_download": 936.5691768724613, "iperf_udp_download_jitter_ms": 0.08443210250153685, "error": false}, "test_bytes_consumed": 3084996060}}