{"Meta": {"Id": null, "Time": 1695931864.854252, "Extended": {"gitlog": "", "dataver": "1", "debhash": "0", "Annotation": null}}, "Measurements": {"total_bytes_consumed": 924852838724, "ipquery": {"ipv4": "3.71.100.200"}, "ping_latency": {"google_packet_loss_pct": 0.0, "google_rtt_min_ms": 0.501, "google_rtt_max_ms": 0.653, "google_rtt_avg_ms": 0.588, "google_rtt_mdev_ms": 0.038, "error": false}, "iperf": {"iperf_udp_upload": 951.249755876001, "iperf_udp_upload_jitter_ms": 0.028754598452804172, "iperf_udp_download_i0": 807.3259126993493, "iperf_udp_download_i1": 956.5101637348497, "iperf_udp_download_i2": 956.7013199889758, "iperf_udp_download_i3": 956.5347894393935, "iperf_udp_download_i4": 956.6724198875971, "iperf_udp_download": 926.7473709588332, "iperf_udp_download_jitter_ms": 0.06800907897639527, "error": false}, "test_bytes_consumed": 3078874280}}