{"Meta": {"Id": null, "Time": 1695283898.427363, "Extended": {"gitlog": "", "dataver": "1", "debhash": "0", "Annotation": null}}, "Measurements": {"total_bytes_consumed": 75567170155, "ipquery": {"ipv4": "3.71.100.200"}, "ping_latency": {"google_packet_loss_pct": 0.0, "google_rtt_min_ms": 0.923, "google_rtt_max_ms": 0.997, "google_rtt_avg_ms": 0.969, "google_rtt_mdev_ms": 0.021, "error": false}, "iperf": {"iperf_udp_upload": 951.7116374236873, "iperf_udp_upload_jitter_ms": 0.02737361001437805, "iperf_udp_download_i0": 864.3256008971914, "iperf_udp_download_i1": 956.7254310170233, "iperf_udp_download_i2": 956.2975961001112, "iperf_udp_download_i3": 954.1222174616146, "iperf_udp_download_i4": 956.592, "iperf_udp_download": 937.612692760557, "iperf_udp_download_jitter_ms": 0.07113230986352265, "error": false}, "test_bytes_consumed": 3085250100}}