{"Meta": {"Id": null, "Time": 1696507831.806411, "Extended": {"gitlog": "", "dataver": "1", "debhash": "0", "Annotation": null}}, "Measurements": {"total_bytes_consumed": 520093644083, "ipquery": {"ipv4": "3.71.100.200"}, "ping_latency": {"google_packet_loss_pct": 0.0, "google_rtt_min_ms": 0.595, "google_rtt_max_ms": 0.741, "google_rtt_avg_ms": 0.642, "google_rtt_mdev_ms": 0.041, "error": false}, "iperf": {"iperf_udp_upload": 950.9387363226235, "iperf_udp_upload_jitter_ms": 0.0303567024501555, "iperf_udp_download_i0": 864.5198654253762, "iperf_udp_download_i1": 956.1712954423324, "iperf_udp_download_i2": 956.798636055723, "iperf_udp_download_i3": 937.4429964561191, "iperf_udp_download_i4": 956.6161228760625, "iperf_udp_download": 934.3090676748018, "iperf_udp_download_jitter_ms": 0.0714382064099159, "error": false}, "test_bytes_consumed": 3083565260}}