{"Meta": {"Id": null, "Time": 1696162232.056043, "Extended": {"gitlog": "", "dataver": "1", "debhash": "0", "Annotation": null}}, "Measurements": {"total_bytes_consumed": 57176192789, "ipquery": {"ipv4": "3.71.100.200"}, "ping_latency": {"google_packet_loss_pct": 0.0, "google_rtt_min_ms": 0.591, "google_rtt_max_ms": 0.716, "google_rtt_avg_ms": 0.659, "google_rtt_mdev_ms": 0.031, "error": false}, "iperf": {"iperf_udp_upload": 952.0400474418126, "iperf_udp_upload_jitter_ms": 0.03234542883277878, "iperf_udp_download_i0": 865.5122081689643, "iperf_udp_download_i1": 956.6521199137985, "iperf_udp_download_i2": 956.6607302692773, "iperf_udp_download_i3": 956.6439475055918, "iperf_udp_download_i4": 956.7168773617401, "iperf_udp_download": 938.4360025532077, "iperf_udp_download_jitter_ms": 0.07637606876087073, "error": false}, "test_bytes_consumed": 3086162600}}