{"Meta": {"Id": null, "Time": 1695989509.795691, "Extended": {"gitlog": "", "dataver": "1", "debhash": "0", "Annotation": null}}, "Measurements": {"total_bytes_consumed": 997268463283, "ipquery": {"ipv4": "3.71.100.200"}, "ping_latency": {"google_packet_loss_pct": 0.0, "google_rtt_min_ms": 0.671, "google_rtt_max_ms": 0.731, "google_rtt_avg_ms": 0.71, "google_rtt_mdev_ms": 0.018, "error": false}, "iperf": {"iperf_udp_upload": 950.890930159012, "iperf_udp_upload_jitter_ms": 0.0321457637321678, "iperf_udp_download_i0": 861.7051713132539, "iperf_udp_download_i1": 950.38992, "iperf_udp_download_i2": 956.5433415095131, "iperf_udp_download_i3": 955.1096077924711, "iperf_udp_download_i4": 956.3717959872757, "iperf_udp_download": 936.0229331460312, "iperf_udp_download_jitter_ms": 0.06280874431717635, "error": false}, "test_bytes_consumed": 3084663180}}