{"Meta": {"Id": null, "Time": 1696536632.00917, "Extended": {"gitlog": "", "dataver": "1", "debhash": "0", "Annotation": null}}, "Measurements": {"total_bytes_consumed": 563385840049, "ipquery": {"ipv4": "3.71.100.200"}, "ping_latency": {"google_packet_loss_pct": 0.0, "google_rtt_min_ms": 0.628, "google_rtt_max_ms": 0.691, "google_rtt_avg_ms": 0.673, "google_rtt_mdev_ms": 0.017, "error": false}, "iperf": {"iperf_udp_upload": 951.7114470820733, "iperf_udp_upload_jitter_ms": 0.03731184419879985, "iperf_udp_download_i0": 856.453254834831, "iperf_udp_download_i1": 953.43458599301, "iperf_udp_download_i2": 956.2573223513463, "iperf_udp_download_i3": 953.7546511187063, "iperf_udp_download_i4": 956.645980032029, "iperf_udp_download": 935.3084929239825, "iperf_udp_download_jitter_ms": 0.05280497807886763, "error": false}, "test_bytes_consumed": 3084219340}}