{"Meta": {"Id": null, "Time": 1696651832.056352, "Extended": {"gitlog": "", "dataver": "1", "debhash": "0", "Annotation": null}}, "Measurements": {"total_bytes_consumed": 722436228247, "ipquery": {"ipv4": "3.71.100.200"}, "ping_latency": {"google_packet_loss_pct": 0.0, "google_rtt_min_ms": 0.926, "google_rtt_max_ms": 1.169, "google_rtt_avg_ms": 0.995, "google_rtt_mdev_ms": 0.061, "error": false}, "iperf": {"iperf_udp_upload": 948.6217043929494, "iperf_udp_upload_jitter_ms": 0.0218145378299595, "iperf_udp_download_i0": 864.3697870322852, "iperf_udp_download_i1": 954.4759856991294, "iperf_udp_download_i2": 955.2547035168742, "iperf_udp_download_i3": 955.1736790625284, "iperf_udp_download_i4": 950.0580539775324, "iperf_udp_download": 935.8654144270749, "iperf_udp_download_jitter_ms": 0.0812497533065734, "error": false}, "test_bytes_consumed": 3084552220}}