{"Meta": {"Id": null, "Time": 1695456632.916119, "Extended": {"gitlog": "", "dataver": "1", "debhash": "0", "Annotation": null}}, "Measurements": {"total_bytes_consumed": 297383055048, "ipquery": {"ipv4": "3.71.100.200"}, "ping_latency": {"google_packet_loss_pct": 0.0, "google_rtt_min_ms": 0.672, "google_rtt_max_ms": 0.761, "google_rtt_avg_ms": 0.725, "google_rtt_mdev_ms": 0.026, "error": false}, "iperf": {"iperf_udp_upload": 951.2942004819678, "iperf_udp_upload_jitter_ms": 0.044211479122085916, "iperf_udp_download_i0": 866.7217498958764, "iperf_udp_download_i1": 956.9221644491465, "iperf_udp_download_i2": 949.8055026157726, "iperf_udp_download_i3": 955.51744, "iperf_udp_download_i4": 956.8658087208717, "iperf_udp_download": 937.1660160723119, "iperf_udp_download_jitter_ms": 0.06571180047979994, "error": false}, "test_bytes_consumed": 3084930360}}