{"Meta": {"Id": null, "Time": 1696435832.545598, "Extended": {"gitlog": "", "dataver": "1", "debhash": "0", "Annotation": null}}, "Measurements": {"total_bytes_consumed": 430575966595, "ipquery": {"ipv4": "3.71.100.200"}, "ping_latency": {"google_packet_loss_pct": 0.0, "google_rtt_min_ms": 0.584, "google_rtt_max_ms": 0.725, "google_rtt_avg_ms": 0.666, "google_rtt_mdev_ms": 0.034, "error": false}, "iperf": {"iperf_udp_upload": 951.5077269967964, "iperf_udp_upload_jitter_ms": 0.03360135087621645, "iperf_udp_download_i0": 865.5559119867687, "iperf_udp_download_i1": 956.7057306398895, "iperf_udp_download_i2": 956.7254310170233, "iperf_udp_download_i3": 956.7574589244082, "iperf_udp_download_i4": 955.8164446715455, "iperf_udp_download": 938.3110085361568, "iperf_udp_download_jitter_ms": 0.0743187182588241, "error": false}, "test_bytes_consumed": 3086083760}}