{"Meta": {"Id": null, "Time": 1695874231.815146, "Extended": {"gitlog": "", "dataver": "1", "debhash": "0", "Annotation": null}}, "Measurements": {"total_bytes_consumed": 850561224347, "ipquery": {"ipv4": "3.71.100.200"}, "ping_latency": {"google_packet_loss_pct": 0.0, "google_rtt_min_ms": 0.296, "google_rtt_max_ms": 0.356, "google_rtt_avg_ms": 0.321, "google_rtt_mdev_ms": 0.021, "error": false}, "iperf": {"iperf_udp_upload": 951.3751594806678, "iperf_udp_upload_jitter_ms": 0.03208162748154793, "iperf_udp_download_i0": 864.4965069680143, "iperf_udp_download_i1": 956.6635913030049, "iperf_udp_download_i2": 956.7072332023411, "iperf_udp_download_i3": 948.708, "iperf_udp_download_i4": 956.6869420216084, "iperf_udp_download": 936.6513974470435, "iperf_udp_download_jitter_ms": 0.06064301691565575, "error": false}, "test_bytes_consumed": 3085071980}}