{"Meta": {"Id": null, "Time": 1696392632.879984, "Extended": {"gitlog": "", "dataver": "1", "debhash": "0", "Annotation": null}}, "Measurements": {"total_bytes_consumed": 379922014233, "ipquery": {"ipv4": "3.71.100.200"}, "ping_latency": {"google_packet_loss_pct": 0.0, "google_rtt_min_ms": 1.044, "google_rtt_max_ms": 1.117, "google_rtt_avg_ms": 1.074, "google_rtt_mdev_ms": 0.018, "error": false}, "iperf": {"iperf_udp_upload": 951.6676948295292, "iperf_udp_upload_jitter_ms": 0.028473062187530065, "iperf_udp_download_i0": 861.6172686675885, "iperf_udp_download_i1": 956.782483686258, "iperf_udp_download_i2": 956.7321657027769, "iperf_udp_download_i3": 956.7779675454259, "iperf_udp_download_i4": 952.5781517369645, "iperf_udp_download": 936.8975295248015, "iperf_udp_download_jitter_ms": 0.06661965360766488, "error": false}, "test_bytes_consumed": 3085206300}}