{"Meta": {"Id": null, "Time": 1696176791.585436, "Extended": {"gitlog": "", "dataver": "1", "debhash": "0", "Annotation": null}}, "Measurements": {"total_bytes_consumed": 73986020833, "ipquery": {"ipv4": "3.71.100.200"}, "ping_latency": {"google_packet_loss_pct": 0.0, "google_rtt_min_ms": 0.316, "google_rtt_max_ms": 0.393, "google_rtt_avg_ms": 0.358, "google_rtt_mdev_ms": 0.022, "error": false}, "iperf": {"iperf_udp_upload": 951.4066002252492, "iperf_udp_upload_jitter_ms": 0.03499051102329921, "iperf_udp_download_i0": 865.2898693680925, "iperf_udp_download_i1": 956.6629824195263, "iperf_udp_download_i2": 956.4411291416739, "iperf_udp_download_i3": 956.2443540973402, "iperf_udp_download_i4": 956.2199538604092, "iperf_udp_download": 938.1707846640817, "iperf_udp_download_jitter_ms": 0.07995430843475576, "error": false}, "test_bytes_consumed": 3086022440}}