{"Meta": {"Id": null, "Time": 1696363832.198659, "Extended": {"gitlog": "", "dataver": "1", "debhash": "0", "Annotation": null}}, "Measurements": {"total_bytes_consumed": 333344209649, "ipquery": {"ipv4": "3.71.100.200"}, "ping_latency": {"google_packet_loss_pct": 0.0, "google_rtt_min_ms": 0.921, "google_rtt_max_ms": 1.016, "google_rtt_avg_ms": 0.958, "google_rtt_mdev_ms": 0.028, "error": false}, "iperf": {"iperf_udp_upload": 950.922133219254, "iperf_udp_upload_jitter_ms": 0.030656421713492372, "iperf_udp_download_i0": 862.3300824942273, "iperf_udp_download_i1": 956.617311353321, "iperf_udp_download_i2": 955.7645351819282, "iperf_udp_download_i3": 950.9498835354584, "iperf_udp_download_i4": 956.9171007520684, "iperf_udp_download": 936.5157488469567, "iperf_udp_download_jitter_ms": 0.0714336611910374, "error": false}, "test_bytes_consumed": 3084925980}}