{"Meta": {"Id": null, "Time": 1696608631.744178, "Extended": {"gitlog": "", "dataver": "1", "debhash": "0", "Annotation": null}}, "Measurements": {"total_bytes_consumed": 660504520936, "ipquery": {"ipv4": "3.71.100.200"}, "ping_latency": {"google_packet_loss_pct": 0.0, "google_rtt_min_ms": 0.325, "google_rtt_max_ms": 0.416, "google_rtt_avg_ms": 0.373, "google_rtt_mdev_ms": 0.023, "error": false}, "iperf": {"iperf_udp_upload": 949.6562780295629, "iperf_udp_upload_jitter_ms": 0.02483977564043551, "iperf_udp_download_i0": 867.5003494919542, "iperf_udp_download_i1": 956.7382981339863, "iperf_udp_download_i2": 953.7937604940138, "iperf_udp_download_i3": 954.7116322272218, "iperf_udp_download_i4": 956.7786627189164, "iperf_udp_download": 937.903708539383, "iperf_udp_download_jitter_ms": 0.06622251939767505, "error": false}, "test_bytes_consumed": 3085816580}}