{"Meta": {"Id": null, "Time": 1696594231.824248, "Extended": {"gitlog": "", "dataver": "1", "debhash": "0", "Annotation": null}}, "Measurements": {"total_bytes_consumed": 642997903838, "ipquery": {"ipv4": "3.71.100.200"}, "ping_latency": {"google_packet_loss_pct": 0.0, "google_rtt_min_ms": 0.99, "google_rtt_max_ms": 1.04, "google_rtt_avg_ms": 1.012, "google_rtt_mdev_ms": 0.015, "error": false}, "iperf": {"iperf_udp_upload": 951.2625984167126, "iperf_udp_upload_jitter_ms": 0.030097439098681948, "iperf_udp_download_i0": 856.9420553888963, "iperf_udp_download_i1": 956.8962221679276, "iperf_udp_download_i2": 956.7078947964079, "iperf_udp_download_i3": 951.34768, "iperf_udp_download_i4": 956.6810211536146, "iperf_udp_download": 935.713303420918, "iperf_udp_download_jitter_ms": 0.0675480398032624, "error": false}, "test_bytes_consumed": 3084525940}}