{"Meta": {"Id": null, "Time": 1697256632.373314, "Extended": {"gitlog": "", "dataver": "1", "debhash": "0", "Annotation": null}}, "Measurements": {"total_bytes_consumed": 1520744024353, "ipquery": {"ipv4": "3.71.100.200"}, "ping_latency": {"google_packet_loss_pct": 0.0, "google_rtt_min_ms": 0.553, "google_rtt_max_ms": 0.628, "google_rtt_avg_ms": 0.604, "google_rtt_mdev_ms": 0.019, "error": false}, "iperf": {"iperf_udp_upload": 949.7165105630854, "iperf_udp_upload_jitter_ms": 0.03201531247145877, "iperf_udp_download_i0": 859.739386484524, "iperf_udp_download_i1": 956.1460959193691, "iperf_udp_download_i2": 955.9407149162375, "iperf_udp_download_i3": 953.8657841941766, "iperf_udp_download_i4": 956.2368123229363, "iperf_udp_download": 936.385502556459, "iperf_udp_download_jitter_ms": 0.0670751999492054, "error": false}, "test_bytes_consumed": 3084879260}}