{"Meta": {"Id": null, "Time": 1696320729.639102, "Extended": {"gitlog": "", "dataver": "1", "debhash": "0", "Annotation": null}}, "Measurements": {"total_bytes_consumed": 268394661399, "ipquery": {"ipv4": "3.71.100.200"}, "ping_latency": {"google_packet_loss_pct": 0.0, "google_rtt_min_ms": 0.613, "google_rtt_max_ms": 0.691, "google_rtt_avg_ms": 0.641, "google_rtt_mdev_ms": 0.02, "error": false}, "iperf": {"iperf_udp_upload": 949.1047946627049, "iperf_udp_upload_jitter_ms": 0.027735793416664316, "iperf_udp_download_i0": 862.2731365830655, "iperf_udp_download_i1": 952.6934670424034, "iperf_udp_download_i2": 956.7310983006623, "iperf_udp_download_i3": 956.8094472480647, "iperf_udp_download_i4": 946.9651812477322, "iperf_udp_download": 935.0934058407818, "iperf_udp_download_jitter_ms": 0.0643691192763853, "error": false}, "test_bytes_consumed": 3084073340}}