{"Meta": {"Id": null, "Time": 1695255114.245526, "Extended": {"gitlog": "", "dataver": "1", "debhash": "0", "Annotation": null}}, "Measurements": {"total_bytes_consumed": 36078963275, "ipquery": {"ipv4": "3.71.100.200"}, "ping_latency": {"google_packet_loss_pct": 0.0, "google_rtt_min_ms": 0.647, "google_rtt_max_ms": 0.751, "google_rtt_avg_ms": 0.699, "google_rtt_mdev_ms": 0.028, "error": false}, "iperf": {"iperf_udp_upload": 952.0409774278947, "iperf_udp_upload_jitter_ms": 0.04395038167118546, "iperf_udp_download_i0": 862.8396798855603, "iperf_udp_download_i1": 956.4800099878438, "iperf_udp_download_i2": 956.631010470237, "iperf_udp_download_i3": 956.5446939071893, "iperf_udp_download_i4": 956.4523667724943, "iperf_udp_download": 937.7894125493884, "iperf_udp_download_jitter_ms": 0.08961322665528815, "error": false}, "test_bytes_consumed": 6397270320}}