{"Meta": {"Id": null, "Time": 1696075866.363356, "Extended": {"gitlog": "", "dataver": "1", "debhash": "0", "Annotation": null}}, "Measurements": {"total_bytes_consumed": 1118244858075, "ipquery": {"ipv4": "3.71.100.200"}, "ping_latency": {"google_packet_loss_pct": 0.0, "google_rtt_min_ms": 0.651, "google_rtt_max_ms": 0.74, "google_rtt_avg_ms": 0.707, "google_rtt_mdev_ms": 0.023, "error": false}, "iperf": {"iperf_udp_upload": 951.96212493635, "iperf_udp_upload_jitter_ms": 0.026873109684872276, "iperf_udp_download_i0": 857.4647936138998, "iperf_udp_download_i1": 956.63872, "iperf_udp_download_i2": 956.7457789007378, "iperf_udp_download_i3": 956.68544, "iperf_udp_download_i4": 956.5498492219822, "iperf_udp_download": 936.8157779899616, "iperf_udp_download_jitter_ms": 0.07864290769689262, "error": false}, "test_bytes_consumed": 3085146440}}