{"Meta": {"Id": null, "Time": 1696983032.214736, "Extended": {"gitlog": "", "dataver": "1", "debhash": "0", "Annotation": null}}, "Measurements": {"total_bytes_consumed": 1171495920306, "ipquery": {"ipv4": "3.71.100.200"}, "ping_latency": {"google_packet_loss_pct": 0.0, "google_rtt_min_ms": 0.256, "google_rtt_max_ms": 0.341, "google_rtt_avg_ms": 0.314, "google_rtt_mdev_ms": 0.021, "error": false}, "iperf": {"iperf_udp_upload": 949.5612621013933, "iperf_udp_upload_jitter_ms": 0.017759174984318775, "iperf_udp_download_i0": 856.8717070247898, "iperf_udp_download_i1": 956.0503852688098, "iperf_udp_download_i2": 955.9782095924168, "iperf_udp_download_i3": 949.696480195948, "iperf_udp_download_i4": 955.9322221999466, "iperf_udp_download": 934.9047611378526, "iperf_udp_download_jitter_ms": 0.05891079487289904, "error": false}, "test_bytes_consumed": 3083960920}}