{"Meta": {"Id": null, "Time": 1695557464.377011, "Extended": {"gitlog": "", "dataver": "1", "debhash": "0", "Annotation": null}}, "Measurements": {"total_bytes_consumed": 432940161452, "ipquery": {"ipv4": "3.71.100.200"}, "ping_latency": {"google_packet_loss_pct": 0.0, "google_rtt_min_ms": 0.312, "google_rtt_max_ms": 0.413, "google_rtt_avg_ms": 0.365, "google_rtt_mdev_ms": 0.026, "error": false}, "iperf": {"iperf_udp_upload": 951.4604707423052, "iperf_udp_upload_jitter_ms": 0.02904325656271068, "iperf_udp_download_i0": 863.245903271239, "iperf_udp_download_i1": 923.4352320514489, "iperf_udp_download_i2": 956.0328450231807, "iperf_udp_download_i3": 956.1871145072062, "iperf_udp_download_i4": 945.845789857095, "iperf_udp_download": 928.9490674472631, "iperf_udp_download_jitter_ms": 0.070384404927559, "error": false}, "test_bytes_consumed": 3080239380}}