{"Meta": {"Id": null, "Time": 1696680689.456377, "Extended": {"gitlog": "", "dataver": "1", "debhash": "0", "Annotation": null}}, "Measurements": {"total_bytes_consumed": 767609909666, "ipquery": {"ipv4": "3.71.100.200"}, "ping_latency": {"google_packet_loss_pct": 0.0, "google_rtt_min_ms": 0.578, "google_rtt_max_ms": 0.628, "google_rtt_avg_ms": 0.606, "google_rtt_mdev_ms": 0.017, "error": false}, "iperf": {"iperf_udp_upload": 950.1861061997432, "iperf_udp_upload_jitter_ms": 0.0213679265588726, "iperf_udp_download_i0": 863.4052914769452, "iperf_udp_download_i1": 955.5572642747092, "iperf_udp_download_i2": 955.5666011621431, "iperf_udp_download_i3": 955.6310028487782, "iperf_udp_download_i4": 955.5128466859359, "iperf_udp_download": 937.1328306989344, "iperf_udp_download_jitter_ms": 0.06563220279332836, "error": false}, "test_bytes_consumed": 3085346460}}