{"Meta": {"Id": null, "Time": 1696723832.125639, "Extended": {"gitlog": "", "dataver": "1", "debhash": "0", "Annotation": null}}, "Measurements": {"total_bytes_consumed": 830091988429, "ipquery": {"ipv4": "3.71.100.200"}, "ping_latency": {"google_packet_loss_pct": 0.0, "google_rtt_min_ms": 0.271, "google_rtt_max_ms": 0.344, "google_rtt_avg_ms": 0.308, "google_rtt_mdev_ms": 0.023, "error": false}, "iperf": {"iperf_udp_upload": 949.6926141373277, "iperf_udp_upload_jitter_ms": 0.03352033431137946, "iperf_udp_download_i0": 857.9461982408172, "iperf_udp_download_i1": 956.6835012254713, "iperf_udp_download_i2": 956.5960396460038, "iperf_udp_download_i3": 956.4585100962593, "iperf_udp_download_i4": 955.7648293721119, "iperf_udp_download": 936.6888581016797, "iperf_udp_download_jitter_ms": 0.06346935659569647, "error": false}, "test_bytes_consumed": 3085076360}}