{"Meta": {"Id": null, "Time": 1697026323.947774, "Extended": {"gitlog": "", "dataver": "1", "debhash": "0", "Annotation": null}}, "Measurements": {"total_bytes_consumed": 1226145437787, "ipquery": {"ipv4": "3.71.100.200"}, "ping_latency": {"google_packet_loss_pct": 0.0, "google_rtt_min_ms": 0.592, "google_rtt_max_ms": 0.656, "google_rtt_avg_ms": 0.632, "google_rtt_mdev_ms": 0.018, "error": false}, "iperf": {"iperf_udp_upload": 949.0564544342685, "iperf_udp_upload_jitter_ms": 0.01907519507212971, "iperf_udp_download_i0": 865.9772621479659, "iperf_udp_download_i1": 907.0463590909925, "iperf_udp_download_i2": 955.7163353473908, "iperf_udp_download_i3": 956.124842770827, "iperf_udp_download_i4": 955.9877728032588, "iperf_udp_download": 928.1701838329836, "iperf_udp_download_jitter_ms": 0.06765656090662724, "error": false}, "test_bytes_consumed": 3079810140}}