{"Meta": {"Id": null, "Time": 1695514232.097725, "Extended": {"gitlog": "", "dataver": "1", "debhash": "0", "Annotation": null}}, "Measurements": {"total_bytes_consumed": 379053495986, "ipquery": {"ipv4": "3.71.100.200"}, "ping_latency": {"google_packet_loss_pct": 0.0, "google_rtt_min_ms": 0.66, "google_rtt_max_ms": 0.713, "google_rtt_avg_ms": 0.685, "google_rtt_mdev_ms": 0.015, "error": false}, "iperf": {"iperf_udp_upload": 952.2704282129368, "iperf_udp_upload_jitter_ms": 0.05687539592073692, "iperf_udp_download_i0": 862.8146980379495, "iperf_udp_download_i1": 956.7934114665708, "iperf_udp_download_i2": 956.5251359517755, "iperf_udp_download_i3": 947.8893938864314, "iperf_udp_download_i4": 956.7928171595776, "iperf_udp_download": 936.161875669973, "iperf_udp_download_jitter_ms": 0.07126785797358492, "error": false}, "test_bytes_consumed": 3084372640}}