{"Meta": {"Id": null, "Time": 1697299832.494614, "Extended": {"gitlog": "", "dataver": "1", "debhash": "0", "Annotation": null}}, "Measurements": {"total_bytes_consumed": 1587408546341, "ipquery": {"ipv4": "3.71.100.200"}, "ping_latency": {"google_packet_loss_pct": 0.0, "google_rtt_min_ms": 0.596, "google_rtt_max_ms": 0.686, "google_rtt_avg_ms": 0.647, "google_rtt_mdev_ms": 0.023, "error": false}, "iperf": {"iperf_udp_upload": 950.8526375041862, "iperf_udp_upload_jitter_ms": 0.03336961961775153, "iperf_udp_download_i0": 867.4596187732625, "iperf_udp_download_i1": 955.9621389750608, "iperf_udp_download_i2": 946.8622498804576, "iperf_udp_download_i3": 965.1340301890729, "iperf_udp_download_i4": 946.70287365891, "iperf_udp_download": 936.4227538286701, "iperf_udp_download_jitter_ms": 0.07674553793001386, "error": false}, "test_bytes_consumed": 3084907000}}