{"Meta": {"Id": null, "Time": 1695269520.586758, "Extended": {"gitlog": "", "dataver": "1", "debhash": "0", "Annotation": null}}, "Measurements": {"total_bytes_consumed": 59041858106, "ipquery": {"ipv4": "3.71.100.200"}, "ping_latency": {"google_packet_loss_pct": 0.0, "google_rtt_min_ms": 0.656, "google_rtt_max_ms": 0.734, "google_rtt_avg_ms": 0.703, "google_rtt_mdev_ms": 0.021, "error": false}, "iperf": {"iperf_udp_upload": 952.1097811938097, "iperf_udp_upload_jitter_ms": 0.04028405508742553, "iperf_udp_download_i0": 864.890567249169, "iperf_udp_download_i1": 956.6504, "iperf_udp_download_i2": 956.7605887924657, "iperf_udp_download_i3": 956.7934095018127, "iperf_udp_download_i4": 937.8192049182109, "iperf_udp_download": 934.5828733367817, "iperf_udp_download_jitter_ms": 0.10351292603131233, "error": false}, "test_bytes_consumed": 3083171060}}