{"Meta": {"Id": null, "Time": 1697170232.382998, "Extended": {"gitlog": "", "dataver": "1", "debhash": "0", "Annotation": null}}, "Measurements": {"total_bytes_consumed": 1401097036031, "ipquery": {"ipv4": "3.71.100.200"}, "ping_latency": {"google_packet_loss_pct": 0.0, "google_rtt_min_ms": 0.852, "google_rtt_max_ms": 0.908, "google_rtt_avg_ms": 0.893, "google_rtt_mdev_ms": 0.017, "error": false}, "iperf": {"iperf_udp_upload": 950.5634499715802, "iperf_udp_upload_jitter_ms": 0.023792537038355183, "iperf_udp_download_i0": 857.6409298591531, "iperf_udp_download_i1": 956.0068617531385, "iperf_udp_download_i2": 955.9827026456803, "iperf_udp_download_i3": 954.2440723531713, "iperf_udp_download_i4": 955.6939077345714, "iperf_udp_download": 935.9135077210387, "iperf_udp_download_jitter_ms": 0.07092070607264962, "error": false}, "test_bytes_consumed": 3084603320}}