{"Meta": {"Id": null, "Time": 1696378231.964458, "Extended": {"gitlog": "", "dataver": "1", "debhash": "0", "Annotation": null}}, "Measurements": {"total_bytes_consumed": 356818667492, "ipquery": {"ipv4": "3.71.100.200"}, "ping_latency": {"google_packet_loss_pct": 0.0, "google_rtt_min_ms": 0.568, "google_rtt_max_ms": 0.631, "google_rtt_avg_ms": 0.611, "google_rtt_mdev_ms": 0.017, "error": false}, "iperf": {"iperf_udp_upload": 950.7921869896895, "iperf_udp_upload_jitter_ms": 0.03265746586838328, "iperf_udp_download_i0": 868.1988224598929, "iperf_udp_download_i1": 956.8041790190891, "iperf_udp_download_i2": 954.7940665676183, "iperf_udp_download_i3": 948.7523852474787, "iperf_udp_download_i4": 956.4703894731347, "iperf_udp_download": 937.0027634495132, "iperf_udp_download_jitter_ms": 0.0731369302766395, "error": false}, "test_bytes_consumed": 3085270540}}