{"Meta": {"Id": null, "Time": 1696335032.057473, "Extended": {"gitlog": "", "dataver": "1", "debhash": "0", "Annotation": null}}, "Measurements": {"total_bytes_consumed": 290880484334, "ipquery": {"ipv4": "3.71.100.200"}, "ping_latency": {"google_packet_loss_pct": 0.0, "google_rtt_min_ms": 0.518, "google_rtt_max_ms": 0.632, "google_rtt_avg_ms": 0.592, "google_rtt_mdev_ms": 0.03, "error": false}, "iperf": {"iperf_udp_upload": 951.6215895813168, "iperf_udp_upload_jitter_ms": 0.023366515710983915, "iperf_udp_download_i0": 864.8936007431683, "iperf_udp_download_i1": 956.4987036712085, "iperf_udp_download_i2": 956.8001409950642, "iperf_udp_download_i3": 956.042749555144, "iperf_udp_download_i4": 956.6057809511757, "iperf_udp_download": 938.1671794551894, "iperf_udp_download_jitter_ms": 0.06070700209725882, "error": false}, "test_bytes_consumed": 3086015140}}