{"Meta": {"Id": null, "Time": 1697386232.236866, "Extended": {"gitlog": "", "dataver": "1", "debhash": "0", "Annotation": null}}, "Measurements": {"total_bytes_consumed": 1698635317022, "ipquery": {"ipv4": "3.71.100.200"}, "ping_latency": {"google_packet_loss_pct": 0.0, "google_rtt_min_ms": 0.557, "google_rtt_max_ms": 0.732, "google_rtt_avg_ms": 0.608, "google_rtt_mdev_ms": 0.044, "error": false}, "iperf": {"iperf_udp_upload": 948.9287449636436, "iperf_udp_upload_jitter_ms": 0.018275861663287384, "iperf_udp_download_i0": 859.6812978060552, "iperf_udp_download_i1": 955.9075513208345, "iperf_udp_download_i2": 955.9770045902505, "iperf_udp_download_i3": 930.8362971729601, "iperf_udp_download_i4": 955.1114107530509, "iperf_udp_download": 931.5031524198924, "iperf_udp_download_jitter_ms": 0.0817516732337248, "error": false}, "test_bytes_consumed": 3081833700}}