{"Meta": {"Id": null, "Time": 1697011832.045502, "Extended": {"gitlog": "", "dataver": "1", "debhash": "0", "Annotation": null}}, "Measurements": {"total_bytes_consumed": 1209597694165, "ipquery": {"ipv4": "3.71.100.200"}, "ping_latency": {"google_packet_loss_pct": 0.0, "google_rtt_min_ms": 0.55, "google_rtt_max_ms": 0.681, "google_rtt_avg_ms": 0.601, "google_rtt_mdev_ms": 0.033, "error": false}, "iperf": {"iperf_udp_upload": 949.194358587616, "iperf_udp_upload_jitter_ms": 0.025809398512641364, "iperf_udp_download_i0": 864.0690951494234, "iperf_udp_download_i1": 956.0701523887526, "iperf_udp_download_i2": 956.1968177882363, "iperf_udp_download_i3": 956.0797918971476, "iperf_udp_download_i4": 953.9761817126029, "iperf_udp_download": 937.2783031420792, "iperf_udp_download_jitter_ms": 0.07143835508548538, "error": false}, "test_bytes_consumed": 3085479320}}