{"Meta": {"Id": null, "Time": 1697357432.306684, "Extended": {"gitlog": "", "dataver": "1", "debhash": "0", "Annotation": null}}, "Measurements": {"total_bytes_consumed": 1667563820979, "ipquery": {"ipv4": "3.71.100.200"}, "ping_latency": {"google_packet_loss_pct": 0.0, "google_rtt_min_ms": 0.589, "google_rtt_max_ms": 0.806, "google_rtt_avg_ms": 0.667, "google_rtt_mdev_ms": 0.053, "error": false}, "iperf": {"iperf_udp_upload": 949.9656876355338, "iperf_udp_upload_jitter_ms": 0.019165359615887726, "iperf_udp_download_i0": 864.4131037389742, "iperf_udp_download_i1": 956.2189849302574, "iperf_udp_download_i2": 955.8048264635535, "iperf_udp_download_i3": 956.0388267431656, "iperf_udp_download_i4": 952.5383428953152, "iperf_udp_download": 937.0018087741275, "iperf_udp_download_jitter_ms": 0.0532248280227983, "error": false}, "test_bytes_consumed": 3085276380}}